id_sequence,sequence,is_canon
19177,AAGKVLKLLKKLL,True
19178,AAKKVLKLLKKLL,True
13916,ACGILHDNCVYVPAQNPCCRGLQCRYGKCLVQV,True
6641,AIGSILGALAKGLPTLISWIKNR,True
6829,AKAWGIPPHVIPQIVPVRIRPLCGNV,True
48463,AKKRAKKRAHQQ,True
27099,AKKVFKRLGIGAVLKVLTTG,True
32643,AKKVFKRLGIGKFLHSAKKF,True
3519,AKRHHGYKRKFH,True
4149,AKRHHGYKRKFHGGG,True
29273,ALKLLKKLL,True
26115,ALQGAKERAHQQ,True
8916,ALWDTLLKKVLKAAAKAALDAVLVGANA,True
5541,ALWKNMLKGIGKLAGKAALGAVKKLVGAES,True
4163,ALWKTLLKKVLKA,True
8867,ALWKTLLKKVLKAAAK,True
8915,ALWKTLLKKVLKAAAKAALKAVLVGANA,True
8914,ALWKTLLKKVLKAAAKAALNAVLVGANA,True
4164,ALWKTLLKKVLKAYSPWTNF,True
18580,ALWKTLLKNVGKAAGKAVLNAVTDMVNQ,True
6470,ALWMTLLKKVLKAAAKAALNAVLVGANA,True
5494,AQEPVKGPVSTKPGSCPIILIRCAMLNPPNRCLKDTDCPGIKKCCEGSCGMACFVPQ,True
4144,ASHLGHHALDHLLK,True
2135,CARLNCVPKGTSGNTETCPCYASLHSCRKYG,True
4241,CGGLLLFLLKKRKKRKY,True
25862,CKKKC,True
25911,CKKKRC,True
25865,CKKRKC,True
27732,CKYLLKWR,True
25867,CRKKKC,True
4179,CTLISWIKNKRKQRPRVSRRRRRRGGRRRR,True
5114,CVHWMTNTARTACIAP,True
4202,CVNWKKILGKIIKVVK,True
6160,CVVSSGWKWNYKIRCKLTGNC,True
18744,CVWLVVV,True
4152,CWFWKWWRRRRR,True
4159,DCYCRIPACIAGERRYGTCIYQGRLWAFCC,True
4260,DGVKLCDVPSGTWSGHCGSSSKCSQQCKDREHFAYGGACHYQFPSVKCFCKRQC,True
4160,DHYNCVSSGGQCLYSACPIFTKIQGTCYRGKAKCCK,True
4148,DSHAKRHHGYKRKFHEKHHSHRGY,True
17441,EAEEDGDLQCLCVKTTSQVRPRHITSLEVIKAGPHCPTAQLIATLKNGRKICLDLQAPLYKKIIKKLLES,True
4261,EHFAYGGAXHYQFPSVKXFXKRQX,False
33588,EIEKFDKSKLK,True
4214,ELRLVCMGQL,True
4222,EVASFDKSKLK,True
29274,FAKLLKKLL,True
1527,FF,True
48434,FFFIRRIARLLRRIF,True
4203,FFGKVLKLIRKIF,True
5067,FFGSVLKLIPKIL,True
18471,FFGTLFKLGSKLIPGVMKLFSKKKER,True
4153,FFGWLIKGAIHAGKAIHGLIHRRRH,True
6151,FFPVIGRILNGIL,True
18492,FFRNLWKGAKAAFRAGHAAWRA,True
48415,FFSLIPKLVGKLIKAFK,True
48414,FFSLIPKLVGKLISAFK,True
4106,FHFFHHFFHFFHHF,True
18470,FIGMIPGLIGGLISAFK,True
38480,FIHHIIGWISHGVRAIHRAIH,True
4169,FIKHFIHRFGGGFKKFWKWFRRF,True
4167,FIKHFIHRFGGGRWRWRWF,True
4168,FIKHFIHRFSATRWRWRWF,True
4980,FIPGLRRLFATVVPTVVCAINKLPPG,True
48417,FIRRIARLLRRIF,True
4098,FKCRRWQWRMKKLG,True
4187,FKCRRWQWRMKKLGAPSITCVRRAF,True
4112,FKKFWKWFRRF,True
4225,FKKVIVIRRWFI,True
48460,FKWKSVLKGVKGFVKGYF,True
29275,FLALLKKLL,True
32860,FLFKLIPKAIKKLISKFK,True
4886,FLFSLIPHAIGGLISAFK,True
29566,FLFSLIRKAIGGLISAFK,True
4142,FLGALFKALSKLL,True
6187,FLGMIPGLIGGLISAFK,True
29276,FLKALKKLL,True
29277,FLKLAKKLL,True
18803,FLKLGRKSRYGMLKL,True
48464,FLKLIWKRKKKK,True
29278,FLKLLAKLL,True
29279,FLKLLKALL,True
29280,FLKLLKKAL,True
29281,FLKLLKKLA,True
19961,FLKLLKKLL,True
48409,FLKLLKKLX,False
48396,FLKXLKKLL,False
5171,FLPGLIKAAVGIGSTIFCKISKKC,True
19716,FLPIVGLLKSLLK,True
4271,FLPLIGRVLSGIL,True
18482,FLQHIIGALGHLF,True
26371,FLQHIIGALGKLF,True
18485,FLQHIIGALSHFF,True
18484,FLQHIIGALTHIF,True
26370,FLQKIIGALGHLF,True
26369,FLQKIIGALGKLF,True
6082,FLSLIPHAINAVSAIAKHN,True
4170,FLSLIPHIVSGVASIAKHF,True
33993,FPSFLVGR,True
4191,FRIRVRV,True
48438,FSLVNADQTT,True
33766,FTVAXFI,False
4244,FWRIRIRR,True
4247,FWRRFWRR,True
48452,FX,False
48467,GAKERAHQQ,True
33991,GAVGSVV,True
48450,GCVFLLPAKPHNYKKVFLSKGV,True
48398,GFAWNVCVYRNGVRVCHRPAN,True
20264,GFAWNVCVYRNGVRVCHRRAN,True
7036,GFFCPYNGYCDRCRKKLRRRGGYCGGRWKLTCICIMN,True
29821,GFGCNGPWDEDDMKCHNHCKSIKGYKGGYCASAGFVCKCY,True
17432,GFGCPKSALSCSQQCRENNTHSGGYCNGPFNIVCSCY,True
4625,GFGCPLNQGACHNHCRSIKRRGGYCSGIIKQTCTCYRK,True
5085,GFGMALKLLKKVL,True
7120,GFGSLLGKALRLGANVL,True
23402,GFGSLLGKALRLWKKVL,True
4397,GFKRIVQRIKDFLRNLV,True
13769,GFREKHFQRFVKYAVPESTLRTVLQTVVHKVGKTQFGCPAYQGYCDDHCQDIEKKEGFCHGFKCKCGIPMGF,True
17488,GGFGCPFNIDNQGNCHNHCQSIRGRKGGYCHGIPKQTCKCYKPMGYKTRPPFILG,True
30315,GGHGLFDVIKKVASVIGGL,True
48393,GGHKWKLFKKIGAVLKVL,True
4077,GGLRSLGRKILRAWKKYGPIIVPIIRI,True
4145,GIFSKLAGKKIKNLLISGLKG,True
4177,GIGAVLKVLTTGLPALISWIKRKRQQ,True
4161,GIGKFLHSAGKFGKAFVGEIMKS,True
4104,GIGKFLHSAKKFGKAFVGEIMNS,True
6692,GIGKFLKKAKKFGKAFVKILKK,True
4201,GIGLFLHSAGLFGLAFVGEIMKS,True
4096,GIINTLQKYYCRVRGGRCAVLSCLPKEEQIGKCSTRGRKCCRRKK,True
4395,GIKEFKRIVQRIKDFLRNLV,True
7098,GILGKLWEGVKSIF,True
4210,GIWKKWIKKWLKKLLKKLWKKG,True
4171,GKIIKLKASLKLL,True
26147,GKWMKLLKKILK,True
48432,GKWVKLLKKILK,True
4906,GLFDIIKKIAESF,True
4189,GLFDVIKKVASVIGGL,True
7209,GLICESCRKIIQKLEDMVGPQPNEDTVTQAASRVCDKMKILRGVCKKIMRTFLRRISKDILTGKKPQAICVDIKICKE,True
4188,GLKLRFEFSKIKGEFLKTPEVRFRDIKLKDNRISVQR,True
6283,GLLKRIKTLL,True
4258,GLLWHLLHHLLH,True
48392,GLLkRIxTLL,False
48391,GLLxRIkTLL,False
30886,GLRRLLRKIRGRWKGGGRGGRLCYCRRRFCVCVGR,True
20274,GLVTDTLKGAAKTVAAELLRKAH,True
18579,GLWKSLFKNVGKAAGKAALNAVTDMVNQ,True
4172,GQIINLK,True
4076,GRFKRFRKKFKKLFKKLSPVIPLLHL,True
14799,GRGREFMSNLKEKLSGVKEKMKNS,True
17303,GRKKRRQRRRGGWMWVTNLRTD,True
4193,GRRRRSVQWCA,True
48422,GRRRRSVQWCAGGRRWQWR,True
48420,GRRRRSVQWCAGRRRRSVQWCA,True
48421,GRRRRSVQWCAPRRWQWR,True
4204,GRWKRWRKKWKKLWKKLS,True
4239,GTPGPQGIAGQRGVV,True
4240,GTPGPQGIAGQRGVVAEAAAKEAAAKEAAAKASGSLSTFFRLFNRSFTQALGK,True
17485,GVIDIIKGAGKDLIAHAIGKLAEKV,True
14853,GVIPGQKQCIALKGVCRDKLCSTLDDTIGICNEGKKCCRRWWILEPYPTPVPKGKSP,True
19067,GVTFNALKGVAKTVAAQLLKTAR,True
4074,GWGSFFKKAAHVGKHVGKAALTHYL,True
6721,GWINEEKIQKKIDERMGNTVLGGMAKAIVHKMAKNEFQCMANMDMLGNCEKHCQTSGEKGYCHGTKCKCGTPLSY,True
4097,GWKKWLRKGAKHLGQAAIK,True
48401,GWKRLVQRLKDWLRKLV,True
48412,GWWRRTVKKVRNAVRKV,True
48400,GXKRlVQRlKDWlRKLV,False
4396,GXKRlVQRlKDXlRNLV,False
5391,GYFCESCRKIIQKLEDMVGPQPNEDTVTQAASQVCDKLKILRGLCKKIMRSFLRRISWDILTGKKPQAICVDIKICKE,True
17473,GYFCPYNGYCDHHCRKKLRWRGGYCGGRWKLTCICVRG,True
4957,GYYCPFRQDKCHRHCRSFGRKAGYCGNFLKRTCICVKK,True
48466,HARKKKKRAH,True
26487,HGLASTLTRWAHYNALIRAFGGGKKKK,True
48413,HHHH,True
4143,HLGHHALDHLLK,True
31215,IAAERRYATIYQARLWAF,True
4184,ICIFCCGCCHRSKCGMCCKT,True
6389,IDWKKLLDAAKQIL,True
4132,IFWRRIVIVKKF,True
4223,IGIKLLKSKLKAL,True
4212,IGKEFKRIVERIKRFLRELVRPLR,True
4090,IGKEFKRIVQRIK,True
4088,IGKEFKRIVQRIKDFLRNL,True
4083,IGKEFKRIVQRIKDFLRNLVPRTES,True
48419,IILLLLKKFLKKL,True
48418,IIPLPLKKFLKKL,True
4224,IKIKIKIK,True
4192,IKKILSKIKKLLK,True
30034,IKLLCRVHKK,True
29091,IKYLLVKLQGASQKTITLMLRRN,True
29090,IKYLLVKLQGASQKTITLMLRRNNLYVMGYS,True
19800,ILKKLLKGVKSI,True
19802,ILKKLLKKVKKI,True
19801,ILKKLLKKVKSI,True
4116,ILPWKWPWWPWRR,True
15063,ILRWPWWPWRRK,True
5576,ILSAIWSGIKSLF,True
33788,ILVRWIRWRIQW,True
33790,IQRWWKVWLKVI,True
4156,IRIKIRIK,True
4157,IRVKIRVKIRVK,True
4130,IRWRIRVWVRRI,True
4196,IRWRIRVWVRRIC,True
26523,ITRYLDKILRILRKYLKA,True
4115,ITSISLCTPGCKTGALMGCNMKTATCHCSIHVSK,True
4126,IVWKIKRWWVGR,True
33792,IWLRLKVVLKRK,True
48469,KARKKRAH,True
18205,KEFKRIVQRIKDFLRNLV,True
19815,KFWKLLKKALRLWAKVL,True
19818,KFWKLLKKALRLWKKVL,True
23401,KFWSLLKKALRLWAKVL,True
19814,KFWSLLKKALRLWANVL,True
25916,KGK,True
4105,KIFGAIWPLALGALKNLIK,True
4256,KIKWILKYWKWS,True
25915,KK,True
48461,KKCIAKAILKKAKKLLKKLVNP,True
48407,KKFATIAKKFINKLW,True
48431,KKFKKTAKWLIKSAWLLLKSLALKMK,True
4101,KKHRKHRKHRKHGGSGGSKNLRRIIRKGIHIIKKYG,True
25917,KKK,True
41723,KKKK,True
4150,KKKKKKAAFAAWAAFAA,True
4151,KKKKKKKKKKAAFAAWAAFAA,True
48465,KKKKKRAHQQ,True
4252,KKKLLLLLLLLLKKK,True
25863,KKKR,True
19717,KKLLPIVANLLKSLL,True
48468,KKRAKKRAH,True
25864,KKRK,True
48449,KKRRCFFRHIYVA,True
4079,KKVVFKVKFK,True
4092,KKVVFWVKFK,True
48404,KLRRANVRCRKSYCVPI,True
4109,KNLRIIRKGIHIIKKY,True
27748,KPV,True
4121,KQFRIRVRV,True
4248,KRAKKFFKKLK,True
4249,KRAKKFFKKPK,True
4250,KRFKKFFKKLK,True
4185,KRFKKFFKKLKNSVKKRAKKFFKKPKVIGVTFPF,True
4186,KRFKKFFKKLKNSVKKRFKKFFKKLKVIGVTFPF,True
48456,KRFKKFFKKLRKSVKKRVKKFFKKPKVIGVSIPF,True
4137,KRFRIRVAVRRA,True
4123,KRFRIRVRV,True
4118,KRFRIRVRVIRK,True
4226,KRIRWVILWRQV,True
19925,KRIVKLILKWLR,True
19949,KRIVKLLLKWLR,True
4095,KRIVQRIKDFLR,True
4094,KRIVQRIKDFLRNLVPRTES,True
4208,KRLFKKLLFSLRKY,True
15310,KRRWPWWPWRLI,True
19095,KRVNWAKVGRTALKLLPYIFG,True
19097,KRVNWRKVGLGASYVMSWLG,True
19094,KRVNWRKVGRNTALGASYVLSFLG,True
4197,KRWRIRVRVIRKC,True
4138,KRWRWIVRNIRR,True
4195,KRWWKWWRRC,True
4093,KSKEKIGKEFKRIVQRIKDFLRNLVPRTES,True
48406,KSKKPLFKIAKCVENVCVLAYK,True
48405,KSKKPLFKIWKCVENVCVLWYK,True
21990,KVDHFPL,True
18516,KWAVRIIRKFIKGFIS,True
4165,KWCFRVCYRGICYRKCR,True
4255,KWKIRVRLSA,True
4117,KWKLFKKIGAVLKVL,True
6591,KWKLFKKIGIGAVLKVLTTG,True
4206,KWKLFKKIGIGKFLHSAKKF,True
15381,KWKLFKKIKFLHSAKKF,True
30138,KWLKKWLKKWLK,True
6748,KWRRWVRWI,True
30134,KWYKKWYKKWYK,True
48390,KXK,False
4259,LAAKLTKAATKLTAALTKLAAALT,True
4103,LAHQKPFIRKSYKCLHKRCR,True
19104,LAKKLAKYLKKAL,True
48433,LAKKLKEYLEKLV,True
4211,LAREYKKIVEKLKRWLRQVLRTLR,True
19816,LFWKLLLKALRLWAKVL,True
33992,LGTY,True
19103,LIKKLKEYLKKLI,True
26608,LKKLCARLKKLCARLKKLCAR,True
48430,LKKLCRILKKLCRI,True
23771,LKKLLKKLLKKL,True
4251,LKLLKKLLKKLLKLL,True
29133,LKRLYKRLAKLIKRLYRYLKKPVR,True
29135,LKRVWKAVFKLLKRYWRQLKPVR,True
4087,LLGDFFRKSKEKI,True
4085,LLGDFFRKSKEKIGKEFKR,True
4086,LLGDFFRKSKEKIGKEFKRIVQRIK,True
4081,LLGDFFRKSKEKIGKEFKRIVQRIKDFLRNL,True
4075,LLGDFFRKSKEKIGKEFKRIVQRIKDFLRNLVPRTES,True
25827,LLGMIKVAITAISALSKL,True
25909,LLGMIPVAIKAISALSKL,True
18718,LLGMIPVAITAISALSKL,True
6086,LLKELWTKMKGAGKAVLGKIKGLL,True
19820,LLKKALRLWKKVL,True
33990,LLKLFFPFLETGE,True
4209,LLLFLLKKRKKRKY,True
4253,LLLLLKKKKKKLLLL,True
6271,LLPIVGNLLKSLL,True
4146,LMCTHPLDCSN,True
1390,LR,True
4134,LRIRWIFKR,True
30304,LRRLRRRWWRRRLRRL,True
30305,LRRLRRRWWWRRRLRRL,True
4182,LWKTLLKKVLKAAA,True
30308,MGIINTLQKYYCRVRGGRCAVLSCLPKEEQIGKCSTRGRKCCRRKK,True
19083,MKKLLLILFCLALALAGCKKAP,True
4213,MLCVLQGLRE,True
4216,MLCVLQGLREC,True
4215,MLCVLQGLREGG,True
48446,MMGAPTRRFKHHAWHETTVARRATARYVGGLSSRFVTR,True
29288,MSGSHHHHHHGSSGENLYFQSLEVASFDKSKLK,True
21348,MTESLVLSPAPAKPKRVKASRRSASHPTYSEMIAAAIRAEKSRGGSSRQSIQKYIKSHYKVGHNADLQIKLSIRRLLAAGVLKQTKGVGASGSFRLAKSDKAKRSPGKKKKAVRRSTSPK,True
6854,MVFAYAPTCARCKSIGARYCGYGYLNRKGVSCDGQTTINSCEDCKRKFGRCSDGFITECFL,True
4183,NEEGFFSARGHRPLDGGGKKKKKK,True
4242,NGVQPKYKWWKWWKKWW,True
4243,NGVQPKYRWWRWWRRWW,True
48436,NNWTGADCKAATLK,True
4246,PFFWRIRIRR,True
6858,PFKLSLHL,True
4245,PFWRIRIRR,True
9424,PI,True
30621,PMKKLKLALRLAAKIAPVW,True
33975,PVWLVVV,True
29983,PXKLSLHL,False
3668,PY,True
5218,QCRRLCYKQRCVTYCRGR,True
48462,QHARKKKKRAHQ,True
48470,RAHQQ,True
16553,RCLPAGKTCVRGPMRVPCCGSCSQNKCT,True
26302,RFCWKVCYKGICFKKCK,True
4221,RFKRVARVIW,True
6068,RFRLPFRRPPIRIHPPPFYPPFRRFL,True
31130,RFRRFRLPFRRPPIRIH,True
4190,RFRRLFRIRVRVLKKI,True
19947,RFRRLRKKWRKRLKKI,True
4127,RFWKVRVKYIRF,True
4158,RGGRLCYCRRRFCVCVGR,True
4078,RGLRRLGRKIAHGVKKYGPTVLRIIRIA,True
19843,RIGSILGRLAKGLPTLKSWIKNR,True
4128,RIKWIVRFR,True
4200,RILSILRHQNLLKELQDLAL,True
4257,RIRWILRYWRWS,True
4228,RIVIVRIRRLFV,True
48410,RIVQRIKDFL,True
4091,RIVQRIKDFLRNLVPRTES,True
4236,RIVRVRAIRWQV,True
4232,RIVRVRIARLQV,True
4234,RIVWVRIRRLQV,True
4230,RIVWVRIRRWFV,True
4238,RIVWVRIRRWQV,True
4141,RIWVIWRR,True
25866,RKKK,True
4155,RKKRWWRRKK,True
33767,RKLPDAPGMHTWGGGGINTLQKYYCRVRG,True
33769,RKLPDAPGMHTWGGGGKCSTRGRKCCRRKK,True
33768,RKLPDAPGMHTWGGGGRCAVLSCLPKEQI,True
4089,RKSKEKIGKEFKRIVQRIK,True
4082,RKSKEKIGKEFKRIVQRIKDFLRNL,True
4084,RKSKEKIGKEFKRIVQRIKDFLRNLVPRTES,True
4102,RKSYKALHKRAR,True
4100,RKSYKCLHKRCR,True
4119,RLARIVVIRVAR,True
4205,RLCRIVVIRVCR,True
4207,RPAFRKAAFRVMRACV,True
30354,RPFIRAQWFAIQHISPRTIAMRAINNYRWR,True
30355,RPFTRAQIFAIQHISPRTIAMRAINNYRWR,True
30356,RPFTRAQWFAIIHISPRTIAMRAINNYRWR,True
30353,RPFTRAQWFAIQHISPRTIAMRAINNYRWR,True
48403,RPLNFKMLRFWGQNR,True
1095,RR,True
18695,RRAAHGLLPRLRAPPPFHKRCVCLCRTAPPP,True
21678,RRLFRRILRWL,True
48416,RRLIRTDTGPIIYDYFKDQLLKKGMVILRESMKNLKGM,True
33791,RRQWRGWVRIWL,True
1413,RRR,True
9000,RRRR,True
48397,RRWARRLAFAFRR,True
4218,RRWIRVAVILRV,True
48426,RRWLWLRRWLWR,True
48427,RRWLWRLRWLWR,True
48428,RRWLWRRLWLWR,True
48429,RRWLWRRRWLWL,True
936,RRWQWR,True
48425,RRWQWRGGRRWQWR,True
48424,RRWQWRPRRWQWR,True
48423,RRWQWRRRWQWR,True
4131,RRWVVWRIVQRR,True
4080,RWGRWLRKIRRWRPK,True
4154,RWKRWWRRKK,True
26361,RWR,True
4173,RWRW,True
4174,RWRWRW,True
4166,RWRWRWF,True
4175,RWRWRWRW,True
28822,RWWLRRIW,True
30137,RWYRRWYRRWYR,True
29037,RXRXR,False
48444,RYAKMKRRRRRVARRHRRR,True
48395,RYGTXIYQXRLWAFS,False
48402,SCRFSGGYCIWNWERCRSGHFLVALCPFRKRCCK,True
5969,SCTTCVCTCSCCTT,True
4107,SGSLSTFFRLFNRSFTQALGK,True
48411,SKEKIGKEFKRIVQRIKDFLRNLV,True
48435,SSGYGGYGGRF,True
7093,SWKSMAKKLKEYMEKLKQRA,True
4111,TFFRLFNRGGGKNLRIIRKGIHIIKKY,True
4140,TFFRLFNRGGGWGSFFKKAAHVGKL,True
4108,TFFRLFNRSFTQALGK,True
4110,TFFRLFNRSFTQALGKGGGKNLRIIRKGIHIIKKY,True
4114,TFFRLFNRSGGGFKKFWKWFRRF,True
18450,TFPKCAPTRPPGPKPCDINNFKSKFWHIWRA,True
4181,TLISWIKNKRKQCRPRVSRRRRRRGGRRRR,True
4178,TLISWIKNKRKQRPRVSRRRRRRGGRRRR,True
4180,TLISWIKNKRKQRPRVSRRRRRRGGRRRRC,True
8913,TLLKKVLKAAAKAALNAVLVGANA,True
19096,TRRKWWKKVLNGAIKIAPYILD,True
4113,TRRRLFNRSFTQALGKSGGGFKKFWKWFRRF,True
7148,TRSSRAGLQFPVGRVHRLLRK,True
48448,VEKSEKAISGARRGSPIVNRHVVHLEHVRLKGPYRLSDRLSSAPRTSTRV,True
4227,VFLRRIRVIVIR,True
4229,VFWRRIRVWVIR,True
30316,VIHGLFDVIKKVASVIGGL,True
48394,VIHKWKLFKKIGAVLKVL,True
33787,VIKWLLKILRAI,True
17014,VKLIQIRIWIQYVTVLQMFSMKTKQ,True
48440,VKLIVAVKIWKK,True
48442,VKLIVKVKIWKK,True
19084,VLGLALIVGGALLIKKKQAKS,True
33793,VLKIKVKIWVVK,True
18503,VLLVTLTRLHQRGVIYRKWRHFSGRKYR,True
17025,VNPSYRLDPESRPQCEAHCGQLGMRLGAIVIMGTATGCVCEPKEAATPESR,True
48447,VNRVTRVIATRRNEAERIGVPLYF,True
4176,VNWKKILGKIIKVVK,True
4122,VQFRIRVRIVIRK,True
4231,VQLRAIRVRVIR,True
4124,VQLRIRVAVIRA,True
4233,VQLRRIRVWVIR,True
4125,VQRWLIVWRIRK,True
4235,VQWRAIRVRVIR,True
18821,VQWRIRVAVIRK,True
4120,VQWRIRVRVIKK,True
4237,VQWRRIRVWVIR,True
4217,VRLIVAVRIWRR,True
48471,VRLIVAVRIWRRG,True
20275,VRLIVKVRIWRR,True
4220,VRLIVRIWRR,True
48439,VRLIVRVRIWRR,True
4219,VRLIWAVRIWRR,True
4133,VRLRIRVA,True
4135,VRLRIRVAVIRK,True
4129,VRLRIRVAVRRA,True
4136,VRLRIRWWVLRK,True
4147,VTCDVLSFEAKGIAVNH,True
48445,VVKTVVSRAYTRAGLAQRLGWHDLRHSTRT,True
48441,VXLIVAVXIWXX,False
48443,VXLIVXVXIWXX,False
41696,VXLfPFfNQF,False
41572,VXLfPVXLfP,False
41697,VXLfPWwNQW,False
19817,WFKKLLKKALRLWKKVL,True
4198,WIVVIWRRKRRRC,True
48459,WKKIKKIIKKIKKI,True
4254,WKKIRVRLSA,True
48458,WKKLKKLLKKL,True
48457,WKKLKKLLKKLKKL,True
33789,WKKVQWLKRLLL,True
4099,WKLLSKAQEKFGKNKSR,True
20025,WKRIVRRIKRWLR,True
20019,WKRWVRRWKRWLR,True
30350,WKWKCTKSGCKWKW,True
18809,WLRRIKAWLRRIKA,True
24936,WPF,True
24912,WR,True
28823,WRWLRRIW,True
4139,WRWRVRVWR,True
48451,WWKKWKKWW,True
28824,WWRLRRIW,True
28826,WWWLRRIR,True
27763,WWWLRRIW,True
18654,WWWLRRRW,True
28825,WWWRRRIW,True
48399,XGFAWNVCVYRNGVRVCHRRAN,False
25914,XKKK,False
23086,XKLCQRPSGTWSGVCGNNNACKNQCIRLEKARHGSCNYVFPAHKCICYFPC,False
48408,XLKLLKKLL,False
26613,XRYGTXIYQGRLWAFS,False
27452,XX,False
41560,XvWlVvV,False
4199,YAPWTNA,True
4194,YAPWTNF,True
9514,YF,True
48437,YGGYFGNR,True
4162,YSPWTNF,True
1507,YY,True
41589,fPFfNQYVXL,False
41647,fPWfNQYVXL,False
41648,fPWwNQYVXL,False
48454,fX,False
48453,fx,False
41724,xXXLfXXL,False
48455,xx,False
