sequence,activity
MAALIARSGLKALNIRQTRQQRMATVPRAAV,0
KGFKLVAMKFVWADE,0
MAPFASLASGILLLLSLIASSKAC,0
SRPGACYSRPLVSFR,1
TGAYSNASSTESASY,0
MLRNTFTRAGGLSRITSVRFA,0
QFKDLFGKIHDSVHGTADKVKQDLNTIFNPNAKKQQENKDESSNIHFVEDESEEDFAAAAAARKPVEVTPAPEASETTIEPVTSSTPLASSENATTLAPSTTTVKGRENFAGGCLTGFMRTPDGRCKPTF,0
MRRVVKAAALAAGATGLFSRVQTSVAIGRSFSTPQSQFQ,0
GWKRLVQRLKDWLRKLV,0
FDTTEAKRKIKCSDASQCSSYCSGLNCVDAKCLGGYCECLRCEGGV,0
EQSRKPPNPTPPPPG,1
SVSWGMKPSPRQ,1
MSMLVVVTENVPPRLRGRLAIWLLEVRAGVYVGDVSAKIREMIWEQIAGLAEEGNVVMAWATNTETGFEFQTFGLNRRTPVDLDGLRLVSFLPV,1
CQRCGWETGVGVSGFLVRILRFVVL,1
QRRQRKSRRTI,0
RRKKAAVALLKAVLLALKAP,1
MRCVAIFLVVICAFVLQALAE,0
RKEKIKKRIGKIDRL,0
MVMLLLLLSALAGLFGAAEGQ,0
MFANVGFRTLRVSRGPLYGSCSQIISFSKRTFYSSAKSGY,0
YQVVKQPDYLLVPEEVMEYK,1
GTKAATEVIPLTC,1
MRALLFLALVGAAVA,0
MARLVFSLNLPSSHGFNLSPRNLQSFFVTQTGAPRFRAVRC,0
SALYALYDFSPPARKMRAYTVRAYVHGSYSRRGPWYDFEPVPGASMDGL,1
MGALARALPSILLALLLTSTPEALGA,0
AWDFGSVGGLFTSLGKAVHQVFGSVYTIM,1
LPACRNSTERASDLN,0
HLLIDLTSFLLSLFSLWLSSKPPSKRL,0
PQPYPQQPQPFPQQPPFCQQ,0
EGGTLGNWAREIWATLFKKA,1
ANCAPFLVPGSPTASTECCNAVQSINHDCMCNTMRIAAQIPAQCNLPPLSCSMASVKSSSSSSSSSFISLLLLILLVIVLQSQVIECQPQQSCTASLTGLNV,0
MVAAPISTVKLTDANLHTRFHSSSSSTPSTLSLPLSLHFHFSSHSKRFSSIRC,0
GIKYFSMVGNWAKVLVVL,1
PPGSLGWPPNTTEPPPYLRLRLIFLFIHLNKIRIRAREIYES,1
ELQREESPTGPPGSIRTWFQRIPLGWFHCTYQKGKQHCRLRIRQKVEE,1
IEDSFKLLNSEQKNTLLK,0
SVGRKWRMKWAQMRQQ,1
VAGLRQSLEQYQVVKQPDYL,1
KHKLKHLLVETSVDKKAMES,0
FDPLSGKGFGSQ,0
WASRELERFAVNPGLLETSEGCRQIL,1
AQLVGELGSLYGPLSVSA,1
QACCGFKMCVPC,0
DHVTPDIAYNPRTYM,1
AAFRGCWTKNYSPKPCLGKR,0
MENLNLALVSSPKPLLLGHSSSKNVFSGRKSFTFGTFRVS,0
VKDLAKFIAKTVAKQGGCYL,0
MWDPLLNEFPESVHGFRCMLAIKYLQSVEETYEPNT,1
MDFWLVCYDVRDDKRRRKLAKLLEQRCQRVQYSVFECPLPEKVLTDLLHRRWLKELNLKEDSLRAYPLQRQSRSQAKIFGSPDLYEPPDFLIL,1
PLETLMAKAIDAGFIR,1
WHSQRLSPVPPA,1
ELKNEAVRHFPRIWL,1
MAPPLNSTTSNL,0
SPRVRRRYGRPFGGRPFVGGQFGGRPGCVCIRSPCPCANYG,0
GLLSTFKQVGISALQGAAQGLLNTLSCKIAKTC,0
GVYYDPSKDLIAEIQKQGQG,1
YNVLPQGWKGSPAIFQSSMT,1
YVYALPTKAAHIVFP,0
AELRGCGPRFGKHLLSYCPMPEKTFTTTPGGWLLESGRPKEMVSTSNNKDGQALGTTSEFIPNLSPELKKPLSEGQPSLKKIILSRKKRSGRHRFDPFCCEVICDDGTSVKLCT,0
MTSCVHLGIVASQSKKMSLAKRFAQLRKASPLFSLRGVYFSA,0
KNGYLSFFAAMRRDSVPCTRKGASYYNCVPGAPPSPYNRSCEHITRCHG,0
WKKIRRFVSQVIM,1
GCPVYVGTKHAVVGI,0
MAATTSFSSSLSLITKPNNSSYTNQPLPLFPKPFLKPPHLSLLPSPLSSPPPSLIHGVS,0
NGESSADWAKN,1
MEVSVLMWVLLFYSLLGFQVTTAR,0
SENRKVPFYSHS,1
ICYVDSKTSRTCPPGENVCFTETWCDARCSLLGKRVDLGCAATCPTAKPGVDITCCSTDKCNPFPTQKHR,0
GIFTFEDESTSTVAPAKLYK,0
TDVILMCFSIDSPASLENI,1
TDVILMCFSIASPDSLENI,1
REMAKEEVNCIGGHCPDGKKDCNCLPLIAPTMDIYETNESCRTDNECIKYCPKGCKIVDCNFGTCLCEYC,0
QKQIANQFNKAISQIQESLTTTSTALGKLQDVVNQNAQALNTLVKQQNQSANQFQKEISQINEVLTTTNTSLGKLQDDVNQNNQSLNTLQKE,1
YKGYQPIDVVRDLPSGFNTL,1
MLGARRLLGALRLCS,0
KGLSGPQGSWWVV,1
RRKKALLAVLLALLA,1
PGCEERPDHQCGPDYGNPGCGAGRCCSIHGWCGSSADYCSGTSCQYQCSC,1
GLFDVIKKVASVIGPLGIAGQGGD,0
IDRLITGRLQSLQTYVTQQLIRAAEIRASANLAATK,1
CKRVCISEGFPDGRCKGFFNNKCVCRKPCALLSTENMKSSMQLISTLFFLVILVVAPGMKMVVEGQPQLCETKSLNYRGLCLKWRS,0
KKKKVVLAFYVLV,1
MAMSPAATVARRRLA,0
EWRKKRYSTQW,1
MLGSRAAGFARGLRAVALAWLPGWRGRSFALARAA,0
KKKKVLAPTYVLV,1
PVRPYEYSRRSLYYS,0
SQGVVESMNKELKKIIGQVRDQAEHLKTAY,1
WYSLAMAASDI,0
ELKWESEFWRWTEQLASN,1
MAATVRCFGRVLIHHQRCSLATVTSQTSLYPCCIYVPVPNRHFAAAAKPAK,0
QDCNCSIYPGHITGHRMA,1
NTDPEQCKVMCYAQRHSSPELLRRCLDNCEKEHD,0
MKLCMTLLITAIAVVTFVVATQEESAEFNEVEESREDNCIAEDYGKCTWGGTKCCRGRPCRCSMIGTNCECTPRLIMEGLSFA,0
DEDIFICHACPNLEDL,1
MSNPALQAYRTALRAT,0
WLVFFVIFYFFRRRKK,1
IEFARLQFTYNHIQR,1
TDVILMCFSADSPDSLENI,1
PAGPFGIPKCRKEFQQAQHLRACQQWLHKQAMQSGSGPSWTLDDEFDFEDDMENPQGPQQRPPLLQQCCNELHQEEPLCVCPTLKGASKAVKQQVRQQLGQQGQQGPQVQHVISRIYQTATHLPKVCNIPQVSVCPFKKTMPGPS,0
DYTEVQRRNQLHDLR,1
NKSLEQIWNNMTWMEWDREINNYTSLIHSLIEESQN,1
YQSTCSAVSKGYLSALR,1
IQTDQVTSNAISEAAY,0
MIARRIWRSHRFLRPFSSSSVCSPPFRVPEYLSQSSSSPASRPFFVHPPTLMKWGGGSRSWFSNEAMATDSNSGLI,0
RFVPSAAVEFVGAFV,0
SSDMFPNNPLQEEEIS,0
MLTRFRSAVLRGAVSITGARAA,0
YTKSKAKDVEGIGDVDLVNY,0
LKAKTNISIREGPTLGNWAR,1
FLWSLIPSAISAVTSLIKK,1
LRSEYGGSFRFSSDA,1
AQIVKLGGDDGSLAFVPSKISVAAGEAIEFVNNAGFPHNIVFDEDAVPAGVDADAISYDDYLNSKGETVVRKLSTPGVYGVYCEPHAGAGMKMTITVQ,1
IKKEIEAIKKEQEAIKKKIEAIEKEIEAQQHLLQLTVWGIKQLQARILAVERY,1
PDKSESELVSQIIEQ,1
QPRGRRQPIPKARRPEGR,1
FDEMEESSSHLPYI,1
LQEYPEEVEHIFIPSCVVLTRCAGCCNDEMLQCMPTSSYNITMEIKRIKPQRQQNDIFMSFTEHSACECRLKKEVKEQRENVCEPCCDHCSERRKRLFVQDPATCRCSCKHTDEYCKER,0
MNNCIKVVPIALRCQQRTISTSSVLEG,0
RRCCDIRWCNGNCRCCSPK,0
PLVEGQLGENNELRL,1
MYVVVAYDITEDEVRNKVADALKAYGLERIQRSVFVGRINPALLKDLVERLKRITKGANADITIFKVDRRAIDTAIRIGPPPPARKNVDLY,1
KKKKLVAAFYVLV,1
ARVTVKDVTFRNITG,0
MKRLIMATMVTAILASSTVWAA,0
PGGETARKDKFLHMVLPRRL,1
PTTFMLKYDENGTITDAVDCYQDVNCTDVSTAIHADQLTPQYGSFCTQLNRALSGIAAEQ,1
MKKIWLALAGLVLAFSASAA,0
EISKINTTLLDLSDEMAMLLQEVVKQLNDSYIDLKEL,1
NNWWYWWDTLVN,1
WESEFWRWTEQLASNYWI,1
KKKKVVALTYVLV,1
MGSVQLSGSGLVASLPPNHSFSHKTKLNKPNSYFFRSKHNAARTKTVRA,0
MKGISKILSASIALMKLENVYSA,0
KKKKLLLPTYFFF,1
KKKKVVAPTLVLV,1
MGRVRLCLCVSLVISCLAQVGMFVPIILDVDLDFDTNPLLKVADGVLEPMDTNDLTVLPSRSRRTLPPWLSGTGQSNRNLTNVHPLMNRRFRNNNVIVVAHS,0
HTTYAADRFKQVDGF,1
AQLLESVLQEERILALHAQARERLT,1
LWLPVIFFVVSNPKLILLKRVVFFQSWSNRPHGSSYFNKNIQFRRNSFVIVKASGSRTSKKQVEITYNPEEKFNKLADEVDREAGLSRL,0
VRQLCKLLRGTKALTEVIPL,1
MKFYTIKLPKFLGGIVRAMLGSFRKD,0
MMSPHLLPSTSIPKASAALLLRPAFPRMTTLTRFYA,0
AAQRRGRVGRNPNQVGD,1
MRAPTTVRCSGRIQRARWRGFLPLVLALLMGTSHAQ,0
FAVNPGLLETSEAAAQIL,1
MKISLIICLLLIAFMNGDGSPGNTMYSRRSAGVAAAIKRFQKNFLKKSCNNCPEEPCCAGDQCMPDPGYEPFCGN,0
VPLQDYHTSTETVEGLLARGQGFTTA,0
SDRLNAGKSLGAGGSLAEGPYLFIMQNDCNLVLYDNNRAVWASGTNGKASNCILKMQRDGNLVIYSGSRAMWASNTNRQDGNYYLILQRDRNVVIYDNSNNAIWASGTNVGN,0
MMRSAVVVALLVMVAMSLQLAAAQEDLKYFEREVVSELAAQILRVAQGPSAFVAGPHKRNSELINSLLGIPKVMNDAGRR,0
TWQEWERKVDFLEENITALLEEAQIQQEKNMYELQ,1
FLDTKWFLDEFKVLQ,0
SAYQVRNSSGLYHVTNDC,1
ARRAWRRARRAARRARRAARR,1
KKKKLLLPTLFFV,1
GKTKCTASNKNRGIIKT,1
MPKMKSNKSVAARFKLTGSGQLKRTRPGKRHKLSKRSSQQKRNLSKQPLVDQGQVGMYKRMMLV,0
IRKAHCNISRAKWND,1
SYFTAWAGPGCNNHAARYSKCGCSNIGNNVHGGYEFMYQGQTAAAYNTDNCKGVAQTRFSSSVNQACSSFGWKSFFIQC,0
GFFGKRKEYFKKFGASFKRRFANLKKRL,0
AGECTPGQTKKQDCNTCTCTPTGIWGCTRKACRTTREAEEPAIV,0
MQSLTPSSGVNLKSIIRKTSLPPGQTRFITGRVIKCGYQVDSANTVNTAGAPA,0
KKNEEIIKKLEETKKNEEKNKKSEEILKKLEELRKK,1
LVKVPLVRKKSLRQNLIKNGKLKDFLKTHKHNPASKYFPEAAALI,0
MPILTCRYKILFLYNLRNCFTFQNQRCLIPYGTTTTIRWY,0
DFVDAHNAARAQVGVGPVHWTVDAYARQYANDRNLVHSATR,0
RQMQRPQNVECVGGECQPKHPQQYFGSCFRDSDCRNSCFPYCRYQKCHHHECICSLCSSEVAPSPK,0
MFRQTLRLGTRMRHSPKFLGTSQMVEQFPSIAARKYS,0
QFRCKSVAECDSRGCRVGTHVICNEHHICTCAHGSPIGGQCDGVEDCDLSGCPPNSHVICDRIGGNFCTCVPN,0
MSSIYLHGLSRRRRIGSVIVAIYMLDSCGAFLSASGSGRYPGFSYRGLSVV,0
NLYIQWLKDGGPSSGRPPPS,1
EINCTRPNNNTRKSIHIGPGRAFYTTGEIIGDIRQAHCNIS,1
DMELKPANAATRTSR,1
LLFALGTFVGVQLEQITRDVDNGQPTDNRHNLQSVWKQMSLLRSVVKRCVGSCDLNNPCSSGCICNGDKC,0
SFIHIYLYRNIRIQL,0
EEAAKKLEEAAKKLEEAAKKLEEAAKKLWASLWNWF,1
AETVESCLAKPHTEN,1
SSLVISYSTVDRLVC,0
MIRSALRAIAALSRISGNDYSMRFKNLMNKIMASPPLADKYNSVRSE,0
MALSSSKFSSFSGFSLSPVSGNGVQKPCFCDLRVGEKWGSRKFRVSAT,0
MKKNLLITSVLAMATVSGSVLAA,0
MAAAGGAALWRRLAAWLPRGPPGLAA,0
MDVPFPLHRSLSCTSVSNAITHLKIKPILGFVSHGTTSLSVQSSSWRKDGMVTGVSFSICA,0
YGYREGSHTEHTTYA,1
ASDPILYRPVA,0
HGTSATAAAIQLMCSDSVPC,0
EGPTLGNWAREIWGTLFKKA,1
KKKKVEAATYVLV,1
IDWKKLLDAAKKIL,0
MASTPTLNLSITTPFVRT,0
VDEIIAKVRSLRP,0
LFFLLTVPFWAHYA,1
ELLEELKNEAVRHFP,1
FCQAVGWGDPITHWSHGQNQ,1
MGVLLTQRTLLSLVLALLFPSMASMA,0
QVMPFMEVYRHSVCQPRETLVSILEEYPGEIAHIFRPSCVTALRCGGCCTDESLECTATGKRSVGREIMRLSPHKGTSEKEVMQFTEHTDCECRPRSASGVNSRKHKRNPEEGEQRAKFPFV,0
THLGGEDFDNRLVNHFVEEF,0
MQCVSRVAQRSAVSRPRVASRQAVKVQAVKPAEQKAAMAAVAATASTLALALAPAAQAAQEVAMLAEG,0
GHRYSQFMGIFEDRA,1
NPGLLETSEGCRQILGQLQPSLQT,1
GIFDKLAKEISIW,1
MSFLKFAYRNSWRYYS,0
GRWPVKTIHTDNGSNFTGAT,1
MKLTCMMIVAVLFLTAWTVVTAVPHSNKRLANLYLKARHEMKNPEASNVDKRCFESWVACESPKRCCSHVCLFVCA,0
PEDQFNVALDQVFESIENSQALVDQSNRILSSAEKGNTG,1
MACTLADSLLLFKGSYQKPVLRRDIAARYSPGIFSLNSNGLIQKRFRRQRNFVTRNKVTVIHAV,0
ITLKVVVFHLRRSSHLFYTSQVISQSRTRVKLNRVFFPR,0
SVTKLTEDRWNKPQK,1
VDARSVYPYDEFVLA,1
ACFPWGATWCGGK,1
WMEWDREIEALAKAAEALAKAAEALAKAAWASLWNWF,1
LGRVAIAWCELQNHE,1
MDVRRVPAVLLVLSMARSVTAIDARCNEPLNLGNTGCDEVRIRWYYNQGNVACQTFQYTGCGGNRNNFYNRDDCKKCCRWDMECVSAGR,0
LQNHELTLWNEARKL,1
CIVEEVDARSVYPYD,1
DIWDWICEVLSDFK,1
YYGALHNTAHIVLGR,0
FNLSDHSESIQKKFQLMKEHVNKIG,1
PVPFEEVIDKINAKG,1
EGPTLGNWAREGWATLFKKA,1
RAGLQFPVGGIGKFLHSAKKFGK,0
HIGALARLGWLPSLRTARFS,0
RSGSAADTQAVADAVTY,0
LEAIPMSIPPEIAFNKPFVF,1
PNQTCMWNTSQIQDPEIPKC,1
MLRSTTFTRSFHSSRAWLKGQ,0
KKKKLLLPFLFFF,1
MARWQRKASVSSPCGRSIYRFLSLLFTLVTSVNSV,0
LEEWYKKTEELQKKFEEIIKKIEENNKKVEEGLKK,1
KKVYNAVSCMTNGGICWLKCSGTFREIGSCGTRQLKCCKKK,0
CFLNITNSHVSILQEAPPLENAV,1
MNKCFRCQPRISLFQFSLPRCYAA,0
MSTNPKPQRKTKRNTNRRPQDVKFPGGGQIVGGVYL,1
ECKYLWGTCEKDEHCCEHLGCNKKHGWCGWDGTFG,0
PPPLGAAPTGDPKPK,1
MKLLVVYDVSDDSKRNKLANNLKKLGLERIQRSAFEGDIDSQRVKDLVRVVKLIVDTNTDIVHIIPLGIRDWERRIVIGREGLEEWLV,1
MAAAILLRRVPPARAQ,0
MKFFALFSFFVLCVALATAGHLGRPYIGGGGGFNRGGGFHRGGGFHRGGGFHSGGGFHRGGGFHSGGSFGYRG,0
MAMAATSSTQTNLFLKAPFNPQQNCQQTHFLPLNFKIRNPISRITCSATPTA,0
KAAKTVFKLFKLQAKRAIEA,0
MVSLMFFSSASPLCSSPSKIPKASLDFEMKKLGGSTKLVRNVNL,0
CVCVKTTSLVRPRHI,1
QNPEIIPANLLPTYN,0
VCYRNGIPCGESCVWIPCISAALGSCK,1
YEIIMDIEQNNVQGKTGIQQ,1
VSQIIEQLIKKEKVY,1
QGHLQEVDAGNFIPPPRW,1
GAWYKGRARPVSAVA,1
MKTLQSTLLLLLLVPLIKPAP,0
GGAGLTGGFYEPLVRRC,1
MALIARNAKLLTGTAPFLQRAATIHTTLPSLS,0
KKKKVVTSTYVLVEA,1
GRRQLVGEEEKISAAQPQHTRSKQGTYSQLLRTSFLKKKELIEDLISMHVRRSGSSVIGKVNLEIKRK,0
DKQAADTFLSAVGGAASGFTYCASNGVWHPYILAGCAGVGAVGSVVFPH,0
SLDQINVTFLDLEYEMKKLEEAIKKLEESYIDLKELGTYEYYVKWGSGK,1
MAALLRSARWLLRAGAAPRLPLSLRLLPGGPGRLHAASYLPAARAGPVAGGLLSPARLYA,0
FLGPTIGKIAKFILKHIVGLGDAALV,0
MSILRSPFRLIRSPARFFPSLFHSSCNQSF,0
DEDIFICHACPNLEHYPL,1
LTFPRIVFVLG,0
ALGPAATLEEMMTACAAA,1
YRWRGPTAAFLSLV,1
EVDEMLRSEYGGSFR,1
ILEYLWKVPFDFWRGVIS,1
MVWKWMPLLLLLVCVA,0
MIAVLFLAILCLEVDSTA,0
LSCPQYVYGSVSVTCVWGSV,1
MLVLVTYDVNTETPAGRRRLRRIAKTCQNYGQRVQFSVFECNVDPAQWVKLRSKLLNEMDPKLDSLRFYFLGSNWQGRVEHEGAKEPRDLEGTLIL,1
TGAWIEFGCHRNKSNLHTEA,1
FYTTTGIGYQPY,1
MLSSSGHAIRRGITTSAALSN,0
MAAAAPSPSSSAFSKTLSPSSSTSSTLLPRSTFPFPHHPHKTTPPPLHLTHTHIHIHSQRRRFTISNVISTNQKVSQTEKTETFVSRFAPDEPRK,0
KIAEKFSGNRR,0
GMVTQYHQVLATHQEAIEKV,1
VRRCSELMGRRNPVCPGYAW,1
PITKYIMTCMSADLEVVT,0
MKWLLVAVLTSLTIFSALTQS,0
HATCSLAFALATSVALATRNDLLLRWAAARDAQTILSKRDR,1
MFTLKKSKLLLFFLGTISLSLCEEERGADEEDGGEMTEEVKRGFMGDTLKGIARNAALALMNAAQCKLSGKC,0
SDFRRQNRRGGTNKRTT,1
GLKLRFEFSKIKGEFLKTPEVRFRDIKLKDNRISVQR,0
MFKMGMVQLTFVVLFLLATLQVDADQHAERYAESKQHLNLNEREQIILPALRDQECCSRSWCDGGCYCCKND,0
MDYQVSSPIYDINYYTSEPCQKINVK,1
WMEWDREIEELAKKAEELAKKAEELAKKAEELAKKA,1
YIRDFITRRPPFGNI,1
MKLTCLLIVAMLFLMACQLITAEYPRKKQGYSAVRSRDKIQRSDYLKLTKRCTDDGDVCEIGNHNCCSGSCLIYEDGVVCGLGAQYQYMVSR,0
MAWIPLLLPLLILCTVSVASY,0
RNKSNLHTEARFRIRCRWNV,1
KIPLELWTRYNMTINQTIWN,1
GGARDAGKAEWW,1
QSADPNTNENKNVIHINSPSAAK,0
NIENSTLATPLS,0
TTPFTIRGPLGNQGRGNPVR,1
MQALRVSRALIRSFNTTARNRF,0
ATYYGNGVYCNKQKCWVDWSRARSEIIDRGVKAYVNGFTKVLGGIGGR,0
PEDQGPQREPYNEWT,1
TGKIINFIKFDTGNL,0
PPGAPPAPFRTHTPPPRMVIVLIRVWCH,1
HAVSFTVTKEQSKFY,0
PPPPGASANASVERI,1
SANAKNDFMRF,0
EQVDKLVSAGIRKVLFLDGI,1
AGDDQGLDKCVPNSKEK,1
MMRTVQLRTLRPCIRAQQQPVRAP,0
MAALVALHGVVRRPLLRGLLQEVRCLERSYA,0
GPPPHHRDYHGP,1
RTTTGGSPGYGIGGRTKTCFTPALCIYRGVHGCDSYCKTKNFDYGYCRQEHCCCVNY,0
QIPLINYTFGPNQTCMWNTS,1
KCRQWQSKIRRTNPIFCIRR,0
MSVSLVLCTWGGAARTARVYRVVKQAMIRTMFVRLRSAGQVRYQS,0
CGRLLLRRQRRRAHQN,1
KKKKLLLAFLFLF,1
YPAPIKVLLPNS,1
KKKKTVAATYVLV,1
SDWSLWECCSTGSLFACC,1
NPQAGRIKTVTSFDLPALRFLKL,0
DCGRCGLGQICDAGACRPSTMM,0
YSFALMLIIIILIIFIFRRD,0
MTSVSGCGSVSLITNRSAFLGNGLQHRAVFLKPWSSSSLQSRSMVVEA,0
VSVIVPDYQCYLDRVDTWLQ,1
KKKKLVAATYVLF,1
MRVSPAATLSVSLTTPLPITLTKA,0
ISTTFTTNLTEYPLS,1
ADLEVVAATYVLVD,1
IAWCELQNHELTLWN,1
CPPPTGATVVQFEQP,1
AQAAHQAAHAAHQF,0
DYSSLNDDSELEDSYHRYPSSI,0
VVTLTDTTNQKTELQAIYLA,1
WKVKWKVKWKVK,0
MAALNVLVSGCGRFLRGLLTGPTVTSWARPPARGF,0
MIWLAVYDIEDDGERAKASAILQAWGFVRVQRSFYVGRMPRGKAADLLKILQRHVKSGHIALIPITDELLAKALELGRPPYAPLKPPKYAQIYVV,1
ATMYYKDVTVSQVWF,1
GIPCLCVSDGPSTRGNKLSGTIWMKTGGYGGNGCPKGWHFCGKSRGLLSDCCKQ,0
MRIFYYLHFLCYVTFILPATCTLVNADRCTKRYGRCKRDCLESEKQIDICSLPRKICCTEKLYEEDDMF,0
PKSSWSDHEASSGV,1
KDSTKWRKLVDFRELNKRTQ,1
YKFACPECPKRFMRSDHLTLHILLHENKK,1
HRILMAIRQMMT,1
WLMEWSMEENSK,1
MGLLTKVATSRQFSTTRCVAK,0
AKRTKKVGIVGKYGTRYGASIRKQIKKMEVSQHSKYFCEFCGKYGVKRKAVGIWGCKDCGKVKAGGAYTMNTASAVTVRSHTIRRLREQIEG,0
DVKQLTEAVQKITTESI,1
TRRSKRRSHRKF,0
EICTEMEKEGKISKIGPENP,1
MLIIVTYDVSTETRAGRKRLRRVAKLCESIGQRVQKSVFECRINLMQYEELERRLLSEIDEQEDNLRLYRLTEPAELHVKEYGNFKAIDFEGPLTI,1
EDKKEDVGTVVGIDLGTTYS,0
MASTVMSSLSLKPTFTLEKTSVKGLPSLARSSSSFKVVAS,0
VSFGVWIRTPPA,0
VPVSGKSGSSNTAVSASDNAALPPLISSRCAPPSNKGSKSDLQAEPYNMQKNTEWYESHGGNLTSIGKRD,0
HALWMTLLKKVLKAAAKAALNAVLVGANA,0
MAAVLTFLRFLGRGGAVTRGLPGGARCFG,0
MPYVVVFYDVSDNKRRDLLAKTLQSLGLVRVQRSVFMGRGGYTKAKEAIRAASRIVDARTDSVVALVVPEDYARRMLVYGGIMSDPKQKQAVRVV,1
LDSPKEELDKYFKNHTSPDVDLGDISGINASVVNIQKEIDRLNEVAKNLNESLIDLQELGKYE,1
MSACRSFAVAICILEISILTAQ,0
ERDDHRCGPDYGNPSCSGDRCCSIYNWCGGGSSYCSGGSCRYQCWY,1
SIVYEAADAILHTPGCVP,1
MMTLSPFLLLLIAAVVIGNASEGEVKNEFEERLKDEFKDPSRSEVAEVILLRELEVLEETLFGKEMTSDTEENRNSREKRCMGYDIECNENLPCCKHRKLECVETSGYWWYKRKYCRPIKG,0
MRAARLMGALLALAGLLQLALSL,0
MLSRGQLLRSSARHYS,0
GPWVWVPAFCQAVGWGDPIT,1
AKYVRNNLETTAFHR,1
WMEWEREIDNYTSEIYTLIEESQNQQEKNEQELL,1
MSLISAGRVCARILGAKNSPCALIAARQASS,0
LGQGVSIEWRKKRYS,1
WVPAFCQAVGWGDPITHWSH,1
WMEWDREIEELAKKAEELAKKAEELAKKAWASLWNWF,1
MKLLILTICALHVNQMMAL,0
STQRRGRTGRGRRGIYR,1
MGAVKFVGPLLFLVTSLFCMVNSYPDLDLSHIGCNECALKKNDFFSRDKPVYQCKGCCFSMAYPTPHWIKKLMMNPKNITSEAACCTARSSELVKVQNLMVRNHTECYCDTCIYHKI,0
ANIVFDVESATTGTYSTFLTSF,0
TRTSRGWHTTDLKYN,1
GRRVSARMLGDVMAV,1
FPIPWGCSNYSGVCRAVCLSAELPFGPFGCAKGFVCCVAHVF,0
MWKRLLIVSAVSAAMSSMALAA,0
DGPSRCVSAWHCRLYCQSIGCKLVECTRISSDIIRCRCKLCSK,0
MILIYDINTEDNDGKRRLVKIMKTSRKYLSHVQKSVFEGDITEGQISLLKKEIMAIVNMKKDFVIIYSLRDGVKLNREILTDTPDPTDNFL,1
PPCYERMPRRLIRPPPLLSVLLILRLCH,1
APTFLEKLMDVNNPDQDDQAFAAAVQNLD,0
RIPTGERVWDRGNVTLLCDC,1
VKQCRWCGFDFDGPDGLPHYPIGKCILANE,1
MASLSFASSHASLFCCQQSSSAIILRPAGALLRLSRRQPSSHTISTTDQLFPRRSRMPRNVDTHA,0
MALADDSSYESVICVKPEVHVYKIPPRATNRGYR,0
MPRPIMPNIRTVPNVAFATLAIVGCLISVRGKKRMPMRLARFVVLLEPT,0
PPVCETGPLHPPSPPPLVRISLILVFVHLNKIRIRAREIYES,1
KVCYRAIPCGESCVWIPCISAAIGCSCKN,1
MTNRLPPSLYVPPHQRLGSDYGFNPVPLSPVRYV,0
NGIPCGESCVWIPCITSVAGCSCKSKVCYR,1
PPRGAHRPNSTVVLHLVIRLCLLRFVVH,1
DSCNLKCFRYRLNDKY,1
KAMDEAAAQDYFSDY,0
FPGAHDEDSKERTLPLPPRSSMDTW,0
RRWRKRWRKRRWRKRWRK,1
NPNAIASVTVGRRVS,1
MFSKYLQSRVCGLHSFTNSSAQQLFSKSIAHSSRRNFVISSSCTKFRNVAIQRNAKREFSRCAALKN,0
GPNFAEISKINTTLLDLSDEMAMLLQEVVKQLNDSYI,1
PLGGRSHPLGGPGPASEASAIQELLDGLRDTVSELQEAQMALGPLQQGHSPAESWEAQEEPPARVLAPHDNVLRALRRLGSSKMMRDSRCFGRRLDRIGSLSGLGCNVLRRH,0
MYRNTMRSASRPVIASLRSSTIRAAPRRFA,0
KENKCNGTDAKVKLIKQELDKYKNAVTELQLLMQS,1
GWWNQMAYYNSCKWEEAKVK,1
KVINCRPLPQCCRKYVFSPGCRGVAA,0
MPTGLEPESSVNVTERGMYDFVLGAHNDHRRRA,0
LAHKSRLYERHM,1
CSEGGDFCSKNSECCDKKCQDEGEGRGVCLIVPQNVILLH,0
EGPTLGNWAREIWAGLFKKA,1
MLSATCRRLAPALRRLRALSAVAGRFLQVPGARLC,0
QGWEAVAAAVASKIVGLWRNEKTELLGHECKFTVKPYLKRFQVYYKGRMWCPGWTAIRGEASTRSQSGVAGKTAKDFVRKAFQKGLLSQQEANQWLSS,0
AKVNGQSGRMEFFWTILK,1
TMTPPPTSVRGT,1
SSGKNEGTNIYNNNEAFKVE,0
CGGGGGSLTEINTELLDLEYEMKKLEEVVKKLEESYIDLKEL,1
MVSAQLHFLCLLTLYLTCGYGEEGKF,0
MVRMVPVLLSLLLLLGPAVPQ,0
ARALAHGVRVLEDGVNYA,1
MATMENKVICALVLVSMLALGTLAE,0
KGQPSKPFVGVLSAG,0
LEAIPCSIPPEFLFGKPFVFLEAIPCSIPPEFLFGKPFVF,1
MSEMAASSAISLLDIKLRRFGVGASNHELRLTKWFKGDQAGAPTRRFTCFADMLAPIRR,0
GQPSHDPVPPTT,1
RRKKAAVAALPAVLLALLAP,1
MFACLRIGRFIRLGNVTVKSTNLVLRCVFIRNFA,0
GPQREPYNEWTLELL,1
CDSCERCWYVWLILLRVRLRLLVSL,1
RIRWILRYWRWS,0
GLPTCGETCTLGKCNTPKCTCNWPICYKD,0
KKKKLLLAFYFFF,1
YMYRVCVSLFNGMDHIAVMYVYVCLHKGMDSSLL,0
HFTVIEEIEKLKKYFNSSSSDVGDQKDIVSDILRNWQNDRDVKVIESQIVSFYLKLFEALKEHKTIQESINTIRADLIVNFFNNSREKMDDFIKLTTIPVNDLQVQRKAVNELVGVMHRLSSNIRRKKKGSRCCFGGGDRLNQNYPARSI,0
CTLNFPISPIETVPVKLKPG,1
MASAVLSASRVSGLLGRALPRVGRPMS,0
DDSVVCAAMSYSFA,1
TGPEFPGRPTRP,1
KKKKVVAATYVLVF,1
CCGKPNDCLPSFAFVNGSCN,0
MISLHSSAIKASLYGSFPSSLRSTLSVSFSAGSLIRLPSVGKRNLSVVVSS,0
MNISKAKLLLLPPPLTPKLNRSLYSHSQRRTRS,0
RVVKLAIPINNPGKF,0
MQCLVIYDIPNDRARQRVADACLDYGLQRIQYSAFAGNLSRTHQRALFGEITRRVKGHTANVQLFVFDSKTWSDRRILEQQYDDA,1
EYPLSRVDLGDCIGK,1
MNINPTLLFLKVPAQ,1
DTRACDVIALLECHLNT,1
MFASRILRNSAQTLKTELPHKETIKMAYDLHKPRSTAIRHL,0
QALSYREAVLRAVDRINERSSEANLYRLLELDPPPKDVEDRGARKPTSFTVKETVCPRTSPQPPEQCDFKENGLVKQCVGTITLDQSDDLFDLNCNELQSVR,0
TIFILNATPAAWNQNQLMLLLSGLDQQLEQLERCVEQDVEWEELSLGSENPRLALKSYFQGISQYLQGKEYSH,0
QTLLQELPIPP,0
KKKKVVAGTYVLV,1
TEYWQATWIPEWE,1
YLASVVRQGRSSGDGHEEESKSTEVLSKPPQE,0
MNPTFNPAIDIKESVEMNSNVNYANEHPDEPATNEYPMGPPVWGTTCTIA,0
ECREKGQGCTNTALCCPGLECEGQSQGGLCVDNKWRLMFPLGALSCAA,0
FLSHIAGFLSNLFGK,0
PPRLLDSPEVMVILHLGFRIGLVRLWIH,1
KKKKVLLPFLFFV,1
DLDWPPGGNWLPDHLRDPLCLVTLDPGSNGSSTPLLQVVGVPSSYEQAFLEAVQQAHWDPHDLATFGLCSPGHRQAALPSLQRLGTWLGAPGGQPLV,0
MIFLLLMLSLELQLHQIAAL,0
MQSVTRQTARVLPQMGKQVSYLSTSGAWRAT,0
PPDTSLLPPVGLHLVVRLFLLRLSVH,1
VSRTQRRGRTGRGKPGIY,0
MGLEALVPLAVIVAIFLLLV,0
FLPLILGKLVKGLLG,0
RRRRRYRYWRRGVTIQGRSKYSTLNTGE,1
RFLVCWKQKIWGKARPSMCTRRARF,1
KKRKRRFLGFLLGVGSA,1
GSIRCGERCLLGRCHRPGCTCIRRICRRN,0
EDHMLGARENLRLLARMNRLSPHPCLQDRKDFGLPQEMVEGNQLQKDQAISVLHEMLQQCFNLFHTEHSSAAWNTTLLEQLCTGLQQQLEDLDACLGPVMGEKDSDMGRMGPILTVKKYFQGIHVYLKE,0
NGVIPCGESCVFIPCISTLLGCSKNKVCYR,1
FQDGEHFGEIIFGGS,0
MASLGVSEMLGTPLNFRAVSRSSAPLASSPSTFKTVALFSKKKPAPAKS,0
ASRFLVEEDAEAMQH,0
VPFDFWRGVISLTPLLVC,1
MRLFLLLVGLTTVIAD,0
TICYNHLTIRSEVTEICIICDDDYYF,0
WVEYMYSWIPTA,1
MAAAVRCMGRALIHHQRHSLSKMVYQTSLCSCSVNIRVPNRHFAAATKSAK,0
KKKKVVAPTYVLF,1
TTWEAWDRAIAEYAARIEALIRAAQELQEKLEAALREL,1
MEKKTAYCLLFLVLLVPYTALGAVLKRAPAKKEKRAVPLAVPLVYWGASVSPAVWNWLLVTFGAAAVAAAAVTVSDNDSHSCANNRGWCRSRCFSHEYIDSWHSDVCGSYDCCRPRY,0
YAGFNHNHFGAY,0
HEFVPLEVYTRHEIK,1
MLSRLSAVWRPSRVALRIQRVDFTTCGNRLNRSTQPNEPPLVSGIAARSR,0
SLEQIWNNMTWMQWDK,1
MQLYTHLYLLVPLVTFYLILGTGTLGHGGALTERRLADATALKPEPVLLQKSAARSTDDNGKDRLTQMIRILKKRGNMARGGEEVRESAETLHEITPYEKEKD,0
PPINNCMPLGTEVSEALGGA,1
PPLRYSPPGQRVIPPPADERFLRFLVFHLNKIRIRAREIYES,1
TRNLLTTPKFTVAWD,1
MFRSLLKRTTFLNQLNKSNGFNRNYFKQSTLTRSDALSRHV,0
MKVLVSFEIKFKTNKEKIISILKHFGFRRMQENLYFGDVEYDELYAMQSDIMENIREYDSILTIPICKSCYLKLNVFGRNLSFKDELYKIF,1
AESTTPCSGSYLKA,1
RRRQRRKKRGYGFVNLLFLVVE,1
KKKKLLAPFLFFV,1
KKKKVVEATYVLV,1
KKLMSNNVQIVRQQSYS,1
MMSMASTTASPFCPSPMPRGRKCTVRV,0
ACFPWGKEYCGGK,1
GIFSILKIATKLIGKTLAKAAGKAGAELAACKAANQC,0
MLSRIATSSLGLSRSA,0
MKKEITNNETVKNLEFKGLLDESQKLAKVNDLWYFVKSKENRWILGSGH,0
NHGLIDTIINLPDLDKI,0
TKFILVLTGEERQGV,0
DCPNGPWVWVPAFCQAVGWG,1
MSQALGAYRNGLRAARVAFKGDLRMLMAARQQMRES,0
STRTPEDSNSLGT,1
FGLAGKTPMEEAQVDSIFDQFKDFMAELRPCFRVLAGFEEGDKEKVLKEVAVPARDKHLPLLEK,0
MKVLSLLYLLTAIPGIMSD,0
MRSSGDYGEVTGAWIEFGCH,1
LSKKRQVPLPRPLFE,0
SSSTSTQVQILSNAL,1
RWRKRGRKRWRKRGRK,1
FTFGGGYVYFEEYAY,1
VESMNEELKKIIAQVRAQAEHLKTAY,1
TATQCRIRGGFCRVGSCRFPHIAIGKCATFISCCGRAYEVDALNSVRTSPWLLAPGNNPH,1
PPDGCNRPQQSRKPPPRCLICLMVGLIHLNKIRIRAREIYES,1
TKCYVTPDATSQTCPDGQDICYTKTWCDGFCSSRGKRIDLGCAATCPKVKPGVDIKCCSTDNCNPFPTWKRKH,0
PPESNHPPWKGPYPPPTSNVNPLILLSHLNKIRIRAREIYES,1
VFASLPGIIFTRSQKEGL,1
PPLASMSPLPATDPPPLEGAHPELGVPPP,1
TGTFGFFPGVPPINNCMPLG,1
QAPPGASISLSNE,0
QLGENNELRLTRDAI,1
FFFFFFGRRRRRRRRGC,0
YTPNDITLNNSVALDPIDISIELNKAKSDLEESKE,1
MRTLILLAAILLAALQAQAELFSVNVDEVLDQQQPGSDQDLVIHLTGEESSALQVPDTKGICACRRRFCPNSERFSGYCRVNGARYVRCCSRR,0
VPNLTCAVACELKWESEF,1
MSTSIFETPLPRSDLFLCSNSLLSQNYKLFDNSRSFGLKSLRPRCQKDGLLYPKPLNFGFCRV,0
MRELYLVIAYDTPDDRRRARLAKLLKGFGERRQYSVFEARLTREQWAHLKGKLEALVNKEEDVLAVYFLPPEAVGRTWRIGHEGLKRLEDPDFV,1
MRLLPRLLLLLLLVFPATV,0
CGTCVRDCWPETGSVRFPFH,1
MMLKMGVVLFIFLVLFPLATLHLDADQPVERYAENKQLLNTDERREIILSALRRQCCDSNSCEYPKCLCCNG,0
NMTINQTIWNHGNITLGEWY,1
TTNLTEYPLSRVDLG,1
KGACDYPEWQWLCAA,1
FKLPIQKETWETWWTEYWE,1
ATVRIVDQCSNGGLDLDVNVFNQLDTNGLGYQQGHLIVNYEFVNCNDMERVNNYKLCVALLIMSVMMAMAAAQSATNVRSTYHLYNPQNINWDLRAASAFCATWDADKPLAWRQKYGWTAFCGPAGPRGQDSCGRCLRVTNTGTGTQ,0
SQVWFGHRYSQFMGI,1
HHFTLESSLDTHLKWLSQEQKDELLKMKKDGKTKKDLQAKILHYYDELEGDAKKEATEHLKDGCREILKHVVGEEKEAELKKLKDSGASKEEVKAKVEEALHAVTDEEKKQYIADFGPACKKIFGAAHTSRRRR,0
KKKKVLLAFLFFF,1
GAETFYVDGAANRETKLGKA,1
MAVYVGMLRVARLCARSPRVLGARVGLSRVWQEARLWGVRPLS,0
FKIKASKKLLKKVGKGALGAVAKALAQQA,0
RRKKAVALLPAVLLALLAP,1
TVSSGADTEDVVC,1
GWIPHHPNTPDKIYLHYAEPPTGPFVEPPDLFFLKTTK,0
KKKKVVLPTYVLV,1
YNTPVFAIKKKDSTKWRKLV,1
TLQSLWMTRGCCPGNVLCC,0
GIPCAESCVWIPCTVTAIVGCSCSDKVCYN,1
SVGSRQAAAEGVQEGVKQKIFMQESDASNFLKRRGKRS,0
CCFWPMCRGCDCCYL,0
PQMELRRNGRQCGMSEKEEE,1
MGAAPGRRGPRLLRPPPPLLLLLLLLRPPPAALT,0
CTLCRVVDCCLYAIVFVMVRVVVLCVNKIRIRAREIYES,1
ANGSRIPTGERVWDRGNVTL,1
MKLLLLTLAALLLLSQLTPGDAQKCWNLHGKCRHRCSRKESVYVYCTNGKMCCVKPKYQPKPKPWMF,0
ATAWDFGPHGLLPIRPIRIRPLCGKDKS,0
RRKKAAVALLKAVLLAALAP,1
HTGERDWHLGQGVSI,1
SWSTLTANQNPSPPWSKLTY,1
MATDLSSSSTLLLSRNCKTPPFYHTTNSLSLSKTHHLYASRNAVVSRLRLLC,0
ALDKAEESNSKADKVNVKAT,1
VGRKHSILNCIPYLKKKKIMRL,0
NNLETTAFHRDDHET,1
NPGKTNRYDVERQY,0
KGLSGPFCSWWWV,1
MNGLILFCAVVFATAVCTYGS,0
LGKFSQTCYNSAIQGSVLTSTCERTNGGYNTSSIDLNSVIAAVDGSLKWPSNFIEACRNTQLAGSSELAAECKTAAGQFVSTKINLDDHIANIDGTLKYE,1
MFRLTSARALFRVANVAARRTYA,0
MASIRWLMGSRLSRFVCPFAQLVRQPVLRYVRPPVRALHRGSVRRA,0
KGLSGPSEWWVWV,1
MWPPGSASQPPPSPAAATGLHPAARPVSLQCRLSMCPAR,0
EGPTLGNWAREIWATLGKKA,1
WMEWDREIEEAAKKLEEAAKKLEEAAKKLEEAAKKL,1
TPDKKHQKEPPFLWMGYELH,1
AEEVKVIPAGELQVI,0
QPQCRWLDGFCHSSPCPSGTTSIGQQDCLWYESCCIPRYEK,0
ELAYEMLPSKVRVV,0
ANLDAIIKIQAWARMWAARRQYL,0
GGSFRFSSDAISTTF,1
LEAIPISIPPELAFAKPFVF,1
MVSTTLSVSRMTFVWRAARPSLLNHSLRKMS,0
AADHDVGSELPPEGVLGALLRV,0
MAALLGRRFGMAAAALIALAALGSAASGTASKSSFVKSTVKAHDVVIFSKQVFVHGKHLGGSDDTVEAYESGKLAKLLNIDVKEDLSYCPYCRRAKAVFKELELKKEPYVVELDQREDGWEIQDALSDMVGRRTVP,0
CTMCRYQQNCFTRRLIVGGMLLVFV,1
GLVSSIGRALGGLLADVVKSKGQPA,0
MKFVSLASLGFALVAALGAVATPVEADSLTAGGLDARDESAVLATYNGKCYKKDNICKYKAQSGKTAICKCYVKKCPRDGAKCEFDSYKGKCYC,0
AIEVNSVEEYESHM,0
GCCSDPRCRYRCGGAAGAG,0
CLREILRELDEQLTS,0
YLASLARNRDSPFVNQEW,0
GFLDIIKNLGKTFAGHMLDKIKCTIGTCPPSP,0
MAAMYLPGLRLSRHGLRPWCWSPCRSIQTLHVL,0
PRAPEVIEWHTQNHFCGSAIPIIMGLICKVPERIPPKQVEDTNRRV,0
MASIVQPSPTFPALNLRRSSLIRPPSSVRFPLKC,0
AFKQSPPAIPALGTN,1
KKKKVKAATYVLV,1
LLPRRGPRLGVRATRKTS,1
MRGLAVLLLVACFCSVAFGD,0
KNGRKLCLDLQAALY,1
KGLSGPRYVWWLV,1
ATCDLASFSSQWVTPNDSLCAAHCIARRYRGGYCNGKRVCVCR,0
KKKKVVLATYVLF,1
MASTACFLHHHAPSPATSNLSRTRSATNRDEQQQEHSARLQSPEADCATENDALLSRRLALTILIGGAAL,0
MQRAAAASRATAWSTARHGAARVTASASFSGGGGIVAGAALPLRVRGGQLMSLPLLSGGRAVTARV,0
MGMSQPGVLLSLLLVLLPQTWGA,0
NISSIARANNFPRHSLQE,0
AVEAAVQYNTDATR,0
KKAKKKAKKKAKKKAKKKAKKKAKKKAK,0
RVFKKFHPIYHRVWRLWGHL,0
QTVENNKKTVQQPQQIESKVNIKKLSENEECPFIKQVDENGNLI,0
ANVVATYPAHS,1
DEDIFICHACPPHGDL,1
MSSSSATSGVVGDRGVPCKCVCGLSVTVFTSKSQDNSGRPFFRC,0
RPKRHADGLFTSGYSKLLGQLSARRYLESLIGKRVSDELMEEPVKRHSDAIFTDNYSRFRKQMAVKKYLNSVLTGKRSLEDPGTNDLEESREEPSTFQDSYNDVDVDHLLNNFQLVGTHTHTHTHTDSYSVIFYDFSLIFSSFFQPL,0
EGPTLGNWGREIWATLFKKA,1
VSCDFEEANEDAVCQEHCLPKGYTYGICVSHTCSCIYIVELIKWYTNTYT,0
QREPTASKCQAATELAIQILQAVKGAHTGVAAGPHKRNSELINSLLGLPKFMIDAGRR,0
IKQLLHFFQRFGGGRWRWRWF,0
FLQHIIGALTHIF,0
NASDMEIKKVNKKIEEYIKKIEEVEKKLEEVNKK,1
PPFLSYLPAETDFPPPEARETPEPFSNPP,1
CCDRPCGIGCVPCCLP,0
PPGPGPGPPPPPGAAGRGGGG,0
MFPRLPTLALGALLLASTPLLAA,0
MQVSRVLAALCGMLLCASGLFAA,0
PIPKARRPEGRTWAQPGY,1
LHDLRFADIDTVIHA,1
SDSFPGLGLKKQAHKQCYSPDLCTGGDSKCDICCVLISGVYYGKCIQSKCHCLNKTK,0
MISGSATASHGRVLLPSQRERRPVSTGSNILRFRETVPRQFSL,0
DKGRRRSKFVLHRRQCAN,0
ADGALLGRMKGA,1
GLCPFDTSPVVKGKYNTTLLNGSAFYLVCP,1
KEGYLLDKSNGCKRSCFFGSTSWCNTECKSKSAEKGYCAWPSCYCYGFSDDSKMWDLKTNKC,0
LGNVNNSISNALDKLEESNSKLDKVNVKLTGTSAL,1
CNSTKNLTFAMRSSGDYGEV,1
MKKTLVALAILTAAGSANAG,0
EAFLAEMEKAKGNPESSFND,0
MYKLTVFLMFIAFVIIAEAQ,0
KKKKVVAATYVLFA,1
CRLGAESCDVISQNCCQGTCVFFCLP,0
IFWDCWAPEEPACQDFLGAMIH,1
RGAHIKGRWKSRCHRF,1
MHASTLTRCMRVAQNARCLS,0
WTWKGETYDSK,0
SASPHHHSRLRSESGG,0
CAAGTACTCAGTGTGGA,0
SGTKMACPSNRGILRNWYNP,1
KKKKVFAATYVLV,1
EDSPASDAYTL,0
KKKKLLLPFYFFV,1
MAFPPRRRLRLGPRGLPLLLSGLLLPLCRAF,0
SKTKRRSLLKRLGDGIRGFWNGFRGRK,0
PPEPSDLPPGNPVPPPLNYGDPTKLRSPP,1
MDVNPTLLFLKVPAQNAISTTFPYT,1
KWKSFLKTFKSLKKTVLHTALKLISS,0
AFDSIGHSSNFAGLD,0
AFAPSKVDSDRPNCSRYVQHLYMCTKELDPVCGTDGHTYGNRSIF,0
GFLYVYKGYQPI,1
ATGQETAYFLLKLAGKA,1
MVSPRVRMAALALSVCAILCLGMHASAFPPKPDNPGDNASPEQMARYKAAVRHYINLITRQRYGKRALTPENWIYRDPAEERVTYGLDDYAMW,0
NSYVTPICIADKEYT,0
TWWTGTYPWYPR,1
GSRIPTGERVWDRGNVTLLC,1
PPGKQHTPTSFTHPPPADILLPLSAMIHLNKIRIRAREIYES,1
LSAEKASKDGEIHRG,0
WVPKRPSVCTMTKWQ,1
VHSQGALSAGNNSTEVEVVPFNEVWGRSYCRPMEKLVYILDEYPDEVSHIFSPSCVLLSRCSGCCGDEGLHCVPIKTANITMQILKIPPNRDPHFYVEMTFSQDVLCECRPILETTKAERRKTKGKRKRSRNSQTEEPHP,0
MAPPAMAFQALALGPLPLPLPAARRRRRVRV,0
KKKKVVFATYVLV,1
EGPTLGNWAGEIWATLFKKA,1
ALGPAATLEEMMTACQGV,1
ESTHPRISSEVHIPL,1
NGKLKVVTTNSILYDMAKNV,0
KKKKVVAAKYVLV,1
FLFNVIPHAINATASLIKK,1
DCKGLFRQCKKSSECCKGSSCESDLTGLCIFNLP,0
ELEGALDNANRANAEYLKQIK,0
PSSKRFQPFQQFGRDVSDFTDSVRDPKTSE,1
FDFWRGVISLTPLLVCVA,1
FRWGKPVGRKRRPIKVYPNGVDEESAESYPMEFRREMAADGDPLGLSEEEEEEEEEGEEEKKDGGSYRMRHFRWHAPLKDKRYGGFMTLEHSQTPLMTLFKNAIIKSAYKKG,0
KNKKPKNPTPPRPAG,1
GRAGLQFPVGRLLRRLLRRLLR,0
FYHSKRRLIFSKRKP,1
MAAAMTFYRLLNRWGEAARSLRLGARCFG,0
GGWTQWWWTAFY,1
QPTIPFFDPQIPK,0
YLGSLARNGAYYRQNSEN,0
NIRPRPTARPPYINRPPNPFKPRW,0
MAFAIASALTSTLTLSTSRVQNPTQRRPHVASTS,0
PGIYRFVAPGERPSGMFD,0
CKDPSDFCDPVNNNCCNGDCLNQGETSVCAIVPVIV,0
WQVMIVWQVDRMRIR,1
ESGRIKKEEFAEIMKICSTIEELRRQK,1
YADHTGLVRDNMAKLRERLKQRQQLFDSQQGWFEGWFNRSPWFTT,1
MLSAVARGYQGWFHPCARLSVRMS,0
RRRQRSRSSRACRLQRKEMRVRNLGLGYDSDEMILFKYCAGTCHSARRNYDLALKALMETRSISRKEVSGQPCCRPVRYEAVSFMDARATWQTVKWLSASNCSCV,0
RIGCQHSRIGITQQR,1
FEDRAPVPFEEVIDK,1
MASISSSAIATVNRTTSTQASLAAPFTGLKSNVAFPVTKKANNDFSSLPSNGGRVQC,0
IGVTVIKNNMI,1
HHLPDRSQLCRKVKFQVDFNLIGWGSWIIYPKQYNAYRCEGECPNPVGEEFHPTNHAYIQSLLKRYQPHRVPSTCCAPVKTKPLSMLYVDNGRVLLDHHKDMIVEECGCL,0
MGKMYLFHGLVLLTFIHTAAKESLAPATYNFQGTATVKDPSGRLDRNVLTNGAKVSKAPGEADQLEDTVELWGIEKDSKHKHPMELDLLRLLLRNIIVSGKSAKAFNGCFGNRIERIGSRSALGCNSPKLGAKKRIFK,0
MFLYVIAYDIPDDRRRKKMADLLEGYGQRVQYSVFECTLSKSKFNELQKRLRKIYQSEEDSLRFYPLSGHTLTQVDIWGEPPLTKPPGSVIV,1
LVRDSMAKLRERLNQRQKLFESTQ,1
EFVLATGDFVYMSPF,1
KKGACEARHREWAWLCAA,1
FADIDTVIHADANAA,1
IAAHDTPGPVWLS,0
MKYLGTLIKGAAGGAGAYVGEKIYNWYKN,0
KGLSGPCGWWVWSRGSGK,1
KKKKVVATTYVLV,1
ITFEDLLDYYGP,1
FLYTAFAMQELGCNQNQFFC,1
KKKKLLAATYVLV,1
MYVIMVYDVNQRRINKVLNTARKYLEWIQNSVLEGEITEAKFEMLKREIEIIINEEEDSVIFYIMRTTKYSERQILGIEKNKREQIL,1
INDCNVEKDEAHVKITKL,0
RRCPTRPEGQNYTEG,1
RRRRRRRRRGGGKWKKLLKKPLKLLKK,0
RQIKINFQNRRMKNKKGELDELVYLLDGPGYDPIHS,1
SPASYDYENIRDLVELLLQKDALENALGQHQVV,0
VNSHQALWSPAQ,0
GDSERHFVHQFKGE,0
TGTGEPIGAVIGRTRRNPPEGEPTHAGSATKQSLPSVGAQQVAPRAC,0
AQGDFNEFIEKLK,0
RLIQNSLTIERMVLS,0
EGPTGGNWAREIWATLFKKA,1
MDVNPTLLFIDVPAQ,1
KYEGAGAPCKVPIEI,0
MPEQDLASGFLLRFQNARPVCLSVGSFVSFRTVQPRKMRDRGWRCVWHRMAGVGALFGIFGVLCTVEAGAT,0
RRKKLPAVLLALLAP,1
LSGTEPVSYGPPSQLRPPPSAEMLRAL,0
MATDSFIKLNPISFNRARFDLRDFAGISPKSISSLCCISPRLISC,0
MSGLRTLLGLGLLVAGSRLPRIASRQSVCRAGPIWWGTQHRSSETMASAAVKYL,0
CTQCCAPSTCLNYRIFVGLLRFVVI,1
GALMLPHFNSKAMVI,0
IPLRGAFINGRWDSQCHRFS,1
MERTLVCLVVIFLGTVAHKSSPQGPDRLLIRLRHLIDIVEQLKIYENDLDPELLSAPQDVKGHCEHAAFACFQKAKLKPSNPGNNKTFIIDLVAQLRRRLPARRGGKKQKHIAKCPSCDSYEKRTPKEFLERLKWLLQKMIHQHLS,0
KGIYQTSNFRVVPSGDVVRF,1
QQQQPSSQVSFQQPLQQYPLGQGSFRPSQQNPQA,0
MWLGLRLFHRPFS,0
DLFKQLQRLFLGILYCLYKIW,0
MVVTVYLLIVYDVGVERVNRVKSYLRTELHWVQNSVFEGEVTESQFRRIETNLERIIDRERDSVIIYSFRSERAMNRNVLGLEKSPLDVIL,1
MSINLRSSGCSSPISATLERRLDSEVQTRA,0
SEDVVSSSMSYTFT,1
MKSFPMAPQLFLIFILSVHLGTATRGIDVAKFCCFQYSHKILPWRWVNTYEFTRNSCSQQAVIFTTKKGHKVCAKPQETWVQKYISLLKAQKQL,0
MVFSVATSSVTNPKLHHHHHLSDFNRNRVSTSLKI,0
YPYYPGEARGAP,1
EQIWNNMTWMEWDREINNYTSLIHSLIEESQNQQEK,1
LDLTYEMLSLQVVKLNESF,1
LITPKKIKPPLPSVT,1
PPTSPLLPTVNLRPPPIIIVFLLRVWFH,1
MSVFRRSVQCVGVLPSILAQRSSLLARPANLQFLKTNSSKFVPQVTANVSRRMY,0
ADVDIDMAVFLEKLQDACCKNAPEFGCCT,0
KGLSGPSWWLFCV,1
MEHLYIVSYDIRNQRRWRRLFKTMHGFGCWLQLSVFQCRLDRIRIIKMEAAINEIVNHAEDHVLILDLGPAENVKPKVSSIGKTFDPILRQAVIV,1
ELARERPEPARGPEGPDEGAATQADLDNGLVAEVEATSAEKKDEGPYKMEHFRWGSPAKD,0
RRKKVLLALLAP,1
TRQARRNRRRWRERQRAAAAC,1
YLHRIDLGPPISLERLDVGTNLGNAIAKLEDAKEL,1
DNATVAAGHATLREH,1
RKPRTTKPKPAPKQEPATEE,0
KKKKEVAATYVLV,1
FFFKLLPKAIGALKKI,0
PPTCYVPPHSPATPPPSVRISLLRLVFTLIRSEFELERSMNRRY,1
YQDVNCTDVSTAIHADQLTPQYGSFCTQLNRALSGIAAEQIQKEIDRLNEVAKNLNESLI,1
KQRQNKPPSKPNNDFHFEVFNFVPCSICSNNPTCWAICKRIPNKKPGKK,1
GTTVNCIVEEVDARS,1
MRCLPVFVILLLLIASGPSIDARPKTKDDVPLSSFHARPKTKDDVPLSSFRGNAERTQQRAMEPWTRVV,0
MRLPYLVCYDISDEGRLNRVYRFMKGKGFHIQYSVFYCILTDVELKEMKAEILKLIHSRYDDVRIYPLPNNSLVAVLGVGDRIPDGVEVFY,1
PPIPIPDPPQRNRPPPRWFISLMVIRIH,1
MATIVQCLSSCATLESQFKVLSLKGISCSSPSSSFSNRRGASATLSSSLSFSQSVSQCVAFSTGNLWVQKPMRQLIVCEA,0
PTGERVWDRGNVTLLCDCPN,1
EAGEDCDCGSPANPCCDAATCKLIPGAQCGEGLCCDQCSFIEEGTVCRIARGDDLDDYCNGRSAGCPRNPFH,0
TAFHRDDHETDMELK,1
YPGHITGHRMANMMMNW,1
TDVILMAFSIDSPDSLENI,1
KENSKLTNVPSVLNGSPVTKDFRCERVRLFVNVLDFVVQIPRVGMVKLALVVIFLLLASLFQPLTAQSSCPGNKKETWPELIGVPAKFAREIIQ,0
MQAATSCDLKFRSTDPTSRNKCFSHAIPKRVAVTC,0
ACELKWESEFWRWTEQLA,1
GPEPTGPTGAPQWLR,0
MASSGLAVAATASSAWLCCPNHHIHTSSSRSRKHLLLHGLYGSAPARTRGRRPPVWTAAAATAAAPADTAA,0
MPAPSCALPRSVVPPR,0
MTNKISSSDNLSNAVSATDDNASRTPNLTRRALVGGGVGLAAAGALASGLQAA,0
AGGRRGGRAKRRKVCYFTSNGITHIDYKDVDLLKKFVSERGKILPRRVTGTNAKYQRKLTAAIKRARQMALLPYVSGE,0
MLYLIIYDVPATKAGNKRRTRLFDLLSGYGKWRQFSVFECFLSVKQFAKLQTAMEKLIKLDEDAVCIYVLDENTVQRTITYGTPQPEKPGSIII,1
LKRFLKWFKRF,0
QQHADPICNKPCKTHDDCSGAWFCQACWNSARTCGPYVG,0
KNFLNLFSISTMTRG,0
MAAPALRAPLRWSGLALGVRCAVWNLPGLTQVRGSRYA,0
ALKELPLLKFLGIFNTGLKM,0
MVSLRLPLILLSLLAISFSCSAA,0
MSITSIRALLRSAVSLARTK,0
RRLQVGGGTLKFFLT,1
MFTSAIRLSSQRLFA,0
PSGSNIISNLFKED,1
MFSESTMRSLTILLVCVLTFSVFTVTVALPPRIIHHNTGHAYGCPDDYSRCQQHCSATFGWTGWCGGVTRGECKCRE,0
RIGRFLLFRGIRRIGRFL,0
MVPNTPFLAAFSYTPRVRPGAVRALAAQVRHYT,0
TYICEVEDQKEE,1
MSVSKIAFVLSAIASLAVAD,0
MLHFLSSSSPLNPQFLLLPRQSARLRVLLSIPVSAMSSSSSSSSRGALAA,0
QEGISRFKICPYHWYKQHMSLLFRRYYHKLDSII,1
MLRPAGLWRLCRRPWAARVPAENLGRREVTSGVSPRG,0
NQQEKNEQELLELDKWASLWNWFNITNWLWLIKIFI,1
QAIGPPYGLCFQCNQKTSSDCTEARRCSPFHEKCYTLYQPDENWMKSSGLSHFGCGKQCPTAGPEGRVTCCLTPRCN,0
LEAIPCSIPPCLAFAKPFVF,1
MDLCFQNPVKCGDRLFSALNTSTYYKLGTSNLGFNGPVLENRKKKKKLPRMVTVKSV,0
FQLMGLYGREPDLSS,0
EGPTLGGWAREIWATLFKKA,1
KKKKLVAATYVFV,1
ACFPWGNAWCGGK,1
ADLEVVAATYVLDA,1
EPYNEWTLELLEELK,1
GGPPFTPTQKRKMAGTI,0
TKIRDSLHLVKCPTPAIEPP,1
SPYPSWSTPAGR,1
VFLPQEQALSILHRPRRA,0
PQKFKVVFDTGSSNL,0
MPRRRRIRRRQK,1
PANAATRTSRGWHTT,1
KDVTVSQVWFGHRYS,1
MPFDRQPLLSGEKGMPATSLWLVGGAVIAAVCVIVNTSYNGTQLSVTARPIQAAVSQVSMARFAESGVSRGSGNRVSQAVPLMAASVGAESESRRWVASAILFPLSGLFAAVALKMAMMKPKVAAVLPFTSEKDM,0
ADGTLLGRMKLA,1
YQLLQELCQQHL,0
MLTRRITLGISRNLSRGALINARFA,0
MVSVCRPWPAVAIALLALLVCLGALVDTCPIKPEAPGEDESLEELSHYYASLCHYLNVVTRQWWEGADMW,0
RNTREVFAQVKQMYKTPTLKYFG,1
SWGPTDPRRRSRNLGKVI,1
MEFLERTYLVNDKAAKMHAFTLESVEL,0
EDVVLCTICNLESY,1
MGYIPLVGAPLGGAARAL,1
TSVITIELSNIKENKCNGTDAKVKLIKQELDKYKN,1
ISGINASVVNIQKEIDRLNEVAKNLNESLIDLQELGKYEQYIKWPW,1
AVGIGALFLGFLGAAGSTMGARSAMTLTVQRQL,1
MFAKAVAVSLLTLASAQVFAA,0
PGDPDLSDGSWSTVSSGA,1
CAYGTPCSDCTSAGKVCSVKSGGKGSCGTCVPGA,0
MAMFSHRLRRIVVAAPSYFQRFSTLSRPSDFTPVPSLLPRSVVKQSTAINRSPARLFSTTQYQYD,0
LLMVNEATRFQTVSGFV,1
MPITNDQKKLMSNNVQI,1
AKPRKISVDRGNNGHQTINK,0
LRDTNVTAVPASGAPAAVSVLGAS,0
MMELIPQPRTKFLRVQCPECNNEQIVFGSPATVVKCLTCGKVLVEPRGGKGKVKAKILEILG,0
LSSVVVDPSIRHFDV,0
MASSSWAFFKVFNPQIAPKSISHIGQSDLMQL,0
VATAGFGCPNNYACHQHCKSIRGYCGGYCASWFRLRCTCYRCGGRRDDVEDIFDIYDNVAVERF,1
VRLGSISVIGIVRGKK,1
GRTTLSTRGPPRGGPG,1
SLWKNLSRKISGAVKAQPDLHTLLPLPGS,0
TTKARATAPTTRNLL,1
GDEEYSKMAAEREREAGRLDLSKFP,0
TDVILMCFAIDSPDSLENI,1
MSDNQICDISNEVLEELKKFRFSKSKNNAALILKVDREKQTVVLDEFIDDISVDELQDTLPGHQPRYVIYTYKMVHDDQRISYPMCFIFYTPRDSQIELQMMYACTKSALQREVDLTRVYEIRELDELTEEWLKAKLK,0
SLAIGCTGTCYQSSRCDGKCDCDHSKNCYCSGKGHHHPGCTCTCQM,0
MNIKKCKQLLMSLVVLTLAVTCLAPMSKAKAA,0
MWTLGRRSVASFLPRSALPGFAPTRAGAPRPAKDLSLSGLPGL,0
MWDPLLNEFPDSVQVSDACCN,1
CGYSFTDYVLIWVKQSC,1
GLLDTLKGAAKNVVGSLASKVMEK,0
KGLSGPESRWWVV,1
VEDTLYGDHECGSLLQDAALYLVDGMTNTI,1
IEVTFVNRRGDGAELWYLSA,1
MSGGWMAQVGAWRTGALGLALLLLLGLGLGLEAAAS,0
MQFSIIAISFLASLAMASPAKRG,0
GKIPVEALKKGAKVAGRAWRALDLASTAYDIAHLFDRKRN,0
GGAGEPLAFSPDMLSLRFG,0
MVALGDTAWDFGSVGGVLTSIGKGIHQVFGSAFKSL,1
NSELINAILGSPTLMGEV,0
QGRMYQRFLRQHVDPDETGGNDHYLNLSRRNIQCPNRHEGVRFNTDIHEDLTNRRPIDEHEGVVRVTDKTEEG,1
MKLTFFLGLLALISCFTPSESQ,0
CASQGQKCKTKSDCCNGMWCAGTRGHTCYKPK,0
ACFPWGNTWCGGK,1
MQVLVVSPPLIAAASLSKPLNSLSKAALSFSRAKPICPFPQTSRRPISVYKSPM,0
MYLSRQLRLLPRANIACSLSSSGAHYTTAAPAEDAPIE,0
SSPLAHYLNAPT,1
AQITAAVALVEAKQARSDIEKLKEAIRDTNKAVQS,1
KKKKVLAPFLFFF,1
INAKGVCRSTAKYVR,1
KFKKFKKFKKFKKFKKFKKFKKFKKFKKFKKFKKFKKFKKFKKFKKFKKFKKFKKFKKFKKFK,0
YLDRVDTWLQGKINISLCLT,1
YGRKKRRQRRRGSGIEPHDWTKNITDKIDQIIHDFVDK,1
ELEPEDEARPGGFDRLQSEDKAIRTIMEFLAFLHLKEAGALGRLPGLPSAASSEDAGQS,0
GNVIIGGVCQDCSPPVAENVVVGGQSYRTGRPGQGTVYINSPGAYLGALDGPIRRTGAGGGGGGGAQYPDGYSGRLPGGTYLHNKDCVGCSISGGGD,0
KKKKVVAAFYVLF,1
GGFLIAYQPLLSNTL,1
RQHLLRWGLTTPDKKHQKEP,1
DPVTCLKSGAICHPVFCPRRYKQIGTCGLPGTKCCKP,1
KKKKVVAALYVLV,1
MVLPRLIPRLSRSAFKVAQANNRVFNAPFRGMA,0
TGDFVYMSPFYGYRE,1
MASSTLSPVTQLCSSKSGLSSVSQCLLVKPMKINSHGLGKDKRMKVKCMA,0
MQRAMLLGLLGAAALAAVISA,0
CGSVFLVGQLFTFSPRHH,1
VIVQNSMRISSRPGA,1
LSNIKKIKCNGTDAKVK,1
LRWRKRWRKLRWRKRWRK,1
MASTVLRRLEGKVALITGAASGIGESAARLF,0
MFLARNAGRAGYRGVVAYQQAASFSVSSAKAA,0
KAFIVGLGLSGLATSGLLLATPEAQAA,0
KKKKGVAATYVLV,1
TINVYYFNHGNLSFTYRR,0
NILRLKESITATIEAVHEVTDGLS,1
LLLLLKKKKKKLLLL,0
MKTVLILLSILGMACAL,0
LLRIPQAIMDMIAGAHWG,1
MKAVFFAFLLVVVLGSAYLSDAACNPSLCKSICGRLGYGWWRCSGNICYCSNFLNAAQEPDVAKEVSFNVDKLAKAFEH,0
PPDEGYPPMRMQVPPLGGRIILVRVLLHLNKIRIRAREIYES,1
DVIVVGAGIMGSSAAYQLAKRGQKTLL,0
MVLVQDLLHPTAASEARKHKLKTLVQGPRSYFLDVKCPGCLNITTVFSHAQTAVTCESCSTVLCTPTGGKAKLSEGTSFRRK,0
MYILITYDVSTETEAGKKRLRKVAQVCKDFGQRVQKSVFECSVNEAQFEQLKHRLLQCIDEKSDSLRIYRLREPAKKYIQEYGVNLTIDFDAPLVL,1
SKHSSLDCVLRP,1
KRSKLLLGIGILVLLIIVILGVPLIIFTIKKKKKK,1
MAMKSVSTLAVFAILFLVIVEMPEIKAQGSKCLKEYGGNVGFSYCAPRIFPSFCYRNCRKNKGAKGGRCRSGGAGAGSMICLCDYCSDKP,0
AAPCFCSGKPGRGDLWIFRGTCPGGYGYTSNCYKWPNICCYPH,1
LLGDLLDDVTSIRHAVLQNRAAIDF,1
CSFTDYVLIWVKC,1
MAALRPARTSVAEKKTFKLHALSAVVMGLCASGQAYAQ,0
RNPILHFMRLKPKGLNNI,0
EEYAYSHQLSRADIT,1
MSLLRSLRVFLVARTGSYPAGSLLRQSPQPRHTFYAGPRLSASASS,0
NCEVTPYHPDCRGVMP,0
KNNFCQVLYVWLLRLGKQCFVKFSKDVET,0
DLAGCRRGWVGHCSEWLRDEYTSNPRYPVAPSYRLQPP,0
YPGVYSNVATLRDFV,0
MGGSTKLEEHLEGIVNIFHQYSVRKGHFDTLSKGELKQLLTKELANTIKNIKDKAVIDEIFQGLDANQDEQVDFQEFISLVAIALKAAHYHTHKE,0
SALEEQYKTFLDKFLHELEDLLYQLALAL,1
KQQLATEAESAGPI,0
LAVGSRTAGLQGLKSIDDFGDSAQSLPFLNTICCATGACCG,0
HVNDMLGRVAIAWCE,1
QVVIEANSWWSLGMNNPVQMSEVYI,0
MGRWAWVPSPWPPPGLGPFLLLLLLLLLLPRGFQPQ,0
CYISNCPIGGKRSIMDMEIRQCLPCGPRNRGQCFGTSICCGEEIGCYFGTSETLRCQKEVYLPSPCEPTGRLCGRNGGKCATSGTCCTAESCTVDPTCDTRTIFSSD,0
KKKKVVAPTYFLV,1
MAAAPGARLLRAACASVAFRGLDCRRLLVCGTRAGPAVPQWTPSPHTLAEAGPGRPLSVSARARS,0
MDAFTAIFTTFTSAATSSSEAPRNQEAHPGGMTLCVIA,0
YGGFLRKYTLRDLQDLSSNPEIMLESPDAEETGWSIPSWDMLDE,0
MASSIPNAPSAFNSQSYVGLRAPLRTFNFSSPQAAKIPRSQRLFVVRAS,0
MNALLRHKGRNLRTSHLAQNVYKRFLKSNCCACSSVNVTDEPAKEDELPRRSASTSVLELS,0
RLGVRATRKTSERSQPRG,1
HRMANMMMNWSPTAALV,1
MNFGKAAIFGVVLFCLLWTEGAQAG,0
MHVWLILSLASLWTSSIAYSQ,0
KKKKVLLATYVLV,1
QPSVQIQVYQGEREIAAHNK,1
MAVGLVLCDWWLGEYLLEA,1
LVNGSSNYLLFYDQH,0
AANGGPATPAPPPLG,1
MVKMRRITPTRLLFTCRYISNNASPPV,0
QVDGFYARDLTTKAR,1
MPSPQQRSGSFRKVFVKLPSGKSTIHYERRKDNIARCGMCKKPLNGVKNNYTYKYSKTEKRPERVYGGYLCHKCLESLIKMTIRGIS,0
TLWPWAWRHNWQ,1
HGLLYFAIFFVAAWHIRGR,1
EWTLELLEELKNEAV,1
VYPYDEFVLATGDFV,1
SGISGPLSCGRNGGVCIPIRCPVPMRQIGTCFGRPVKCCRSW,0
MSLLRRIVRNSTVSKAVPV,0
GWHTTDLKYNPSRVE,1
RLTGLLATSGFAFVNAAHANGAVCLSDLLGFLAHSRALAG,1
QRQIRSISGWILSTYLGRPAEPVPLQ,1
VTDSQYALGIIQAQPDQSES,1
TKCRRWQRNMRKVRGPPVSCIKRDS,1
REHLREQSRKPPNPT,1
DPEMEKSSFAEILDTGNPEQERK,0
MDYCGKYIAVILAFIFVFMHVLHSFPEGDLMVQGCPECKLKENTYFTKRLGKALIFQCTGCCFSRAYPTPMRSKKTMLVPKNITSEATCCVAKASTRVTVIDNLKIENHTDCHCSTCYYHKS,0
RRKKLLALLAP,1
KKIKPPLPSVTKLTE,1
RLFFKCIYRFFEHGLKRG,1
NIAGNWSCTSDLPSSWGYMN,1
GCASRCKAKCAGRRCKGWASAFRGRCYCKCFRC,1
KKKKVVAATYVKKA,1
MAALATSQLATSGTVLGVTDRFRRPGFQGLRPRNPADAALGMRTIGASAAPKQSRKAHRGSRRCLSVVVSA,0
AVSCGDVTSSIAPCLSYVMGRESSPSSSCCSGVRTLNGKASSSADRRTACSCLKNMASSFRNLNMGNAASIPSKCGVSVAFPISTSVDCSKIN,0
MSRTIFLLSLVFLICMAFTEGQRMFISKRCLCSRTYDSLRPGNIKEWKVHKPSAFCDNTEIVVILKKPHIKVCLNPKSPQGKQVLLN,0
SVERIKTTSSIEFAR,1
MMHFLSFCLSVASLVSYAGAA,0
NKLASVYALTPSLRVG,0
FYPRPYRPPYLPDPRPFPRPLPAFGHEFRRH,0
MFTVFLLVVLATTVVSFNSDRDPALGGRNAAAIASDKIASTLRRGGCCSFAACRKYRPEMCGGRR,0
MRVNITLACTECGERNYITSKNKRNNPERLELKKYCPRDRKVTLHRETK,0
TMKVDDLIVHFNMTKAVEMV,1
DFRRLPGAFWQLRQP,1
SSFSPAAPLPPGTKHPCLPLSCPPCPDEECPTCEILPPCELCPEIHIGCDCPFHHSCLCDQPACPPCDFPFGSLINKGGYRG,1
MASLSLPITLKNPRFFSSSPQNIFKTQPQTLVLTTKFKTCSIICSSSCTSISS,0
ELSNIKENKCNGTDAKVKLIKQELDKYKNAVTELQ,1
ARRAKRRARRAKRRARRKKRR,1
KKKKVLAAFYVLV,1
GVMDFQIGLQRKKD,0
NRLRRREDFATAVRAGFVVSKAVGGAVVRNQVKRRLKHLVCDRLSALLVVVRALPGAGDADHAQLARDLD,0
LAEGPPVKECAVTCRYDKDADINVVTQARN,1
IPESSELTLQELLGEERR,1
MSWLGSMIQKLGRATLLAVGGKPLAPMASTSYTVRQLSHAERRARGP,0
KKKKVVAAFYVFV,1
VLIIAVLFLTACQLTTAVTSSRGEQKHRALRSTDKKFKVALLCSPPGSYCFGPAACCSNFCTTLSDVCQESWSG,0
RKFFKKIYRFFRKLLKRL,1
CGGGGGGGGGKWKAFKKAFKKFAKILACG,0
DAVPEAGRPQQLGDVQPARPQPPTTDED,0
KDLKVVAATYVKKK,1
SMEKLAGFGAVGAGATAEETRRMLHRAFDTLA,1
SCLTVPASAYQVRNSSGL,1
QLESLTDRELLLLIARKTCGSVE,1
FHCQRTQSQPGSWFRAISSWKQ,1
QFEQPRRCPTRPEGQ,1
SEQEAGLDTGDGDGDQQYLVRPWLYLWADN,0
AALYKKKIIKKLLES,1
MAQTLMATTRPYVLLSSTRASLYRLFQSSKRPFASFSAPLVRFTNSRCVSAVLSRKETAPSSIYGNRVSRVSGFGALDIRSLNFSTKS,0
MEKLTILVLVAAVLLSTQLMVQGDGDQPTDRDAVPRHIYPGGVSGKLMHILQSQSGCPWKPWCG,0
YFSSLLRGGNFHHATPRSVHIYGTSHRDSSEEPGNESAESTGDDLDLL,0
VSVTCVWGSVSWFASTGGRD,1
NSSYFVEWIPNNVK,0
MIPTRCNEINGSRPSSLKLAGESHTIKKTSSCKSKPRPHGRASPVIIYAHSPKVIHTRA,0
AAWGGSGSEAYQGVQQKWDA,0
TEEAELELAENREILKEPVH,1
TLLCDCPNGPWVWVPAFCQA,1
MAIKERVGIVVSNKMDKTVVVAVESRSPHPKYGKIVVKTKKFKAHDEENQCQEGDKVRIQETRPLSKTKRWQVINIMSHSS,0
GKGKEILGKIKEKIIEAK,0
MASSMAATATLSPPVLSAERPTVRGGLFLPPSPATSRSLRLQSARRCGISPATRKPRSLPRA,0
CCGKPTSACHPCVCNGSCSG,0
KVGSLQYLALAALIT,1
MPHLGPLRRRAWAALLGQLLRPPSTVCTRGCH,0
MASLQTPVMVGTVVGCVAGVVGFLAMSSNAATSLSVAPASTSTQIIANPSVIAPQYQGSVTSEDVAMEASQTDFAEVAEISSPVQVQSWSMIFSAMLAVPLAAAAMFFMKKSTTEERRPLVSIDDLLSVGKKAVVASAVVGAAAGSANAY,0
AVLTQKQKKQHSVLHLVPINATSKDDSDVTEVMWQPALRRGRGLQAQGYGVRIQDAGVYLLYSQVLFQDVTFTMGQVVSREGQGRQETLFRCIRSMPSHPDRAYNSCYSAGVFHLHQGDILSVIIPRARAKLNLSPHGTFLGFVKL,0
MYNCSLQNGFTMKVDDLIVH,1
GELGRIPSDTYDLAVGALHCPFYLVSGLVYLDG,1
LEAIPISIPPEVFFGKPFVF,1
MDVNPYFLFLKVPAQ,1
GYSEKCCQKGCTKEELIIACLPYIDYENL,0
ITDPFHKHGVAPSAL,0
LVKCPTPAIEPPTGTFGF,1
DLSAVSSIERPIKPAL,0
KAIKRIGKRIKKLLLKLKKK,0
MSGYQRPFIRNYA,0
MYVIMVYDVNEKRVAKILKIARKYLKWVQNSVLEGELSPGKYEKLKLEVSRLIDEKEDSVRFYVMDSQKVFNLETLGVEKGEDGFIF,1
LEELEEELEGCE,0
ALQELLGEYIQWLKDGGPSSGRPPPS,1
MKRNTKIALVMMALSAMAMGSTSAFAH,0
PAYMMPQDFDLMYVS,0
DQYLESVKKIHKRLDV,1
LGYTMTCYNQQSSEAKTTTTCSGGVSSCYKKTWSDGRGTIIERGCGCPSVKKGIERICCRTDKCNN,0
KKKKVVAATYVFVA,1
MTFYLFGIRSFPKLWKSNPYLGLGPGHSYVSLFLSDSCGIRSQQRLF,0
KKKKVVAAGYVLV,1
TWFNPFGYYSWA,1
KKKKVVAATYKKKK,1
MVAFSALSGVSAVSLLLSLVQNAHGI,0
MAEMKTDAATLAQEAGNFER,0
KQLSYCTDPLQIPLINYTFG,1
MAAEMALVKPISKFSSPKLSNPSKFLSGRRFSTVIRM,0
DKGRYLEAPTRPRPERNRK,0
EDVRAHEESSFLAAVAPEEQRACIKEGEKCAGDCQCCGKWSYCSCPLFGALGCSCIIGDAMVCVRKKKECRTSDVMNTPPGGCFSSSKRRHGR,0
LTAIPLDGDQPADQPAERMEDGESTPNHPWFDPVKRCCTALCSRYHCLPCC,0
MALFKSSKILSSVGSQTPVLAVLQLRAS,0
NTTHYRVIRLTIG,1
HSDATFTAEYSKLLAKLALQKYLESILGSSTSPRPPSS,0
VCVEFAEDAGELDKSNAFRRQ,0
QHVLAACAETGAVCVHNDECCSGACSPIFNYCLPQ,0
YCKFKVKPKFKRWKLKFKGRMWCP,0
LLRILRRSIRRARRAIRR,0
FWELWKFLKSLWSIFPRRRP,0
GRLIDKIARKLVKKIQRFARKFF,0
CGECGGGHIVGRFCMVVRFLRLVFI,1
RGILRNWYNPFAGLRQSLEQ,1
MFPYLTRMNLSIKMGGLTLKESSPNAFLNNTTIARRFKHEYA,0
PATPAPPPLGAAPTG,1
CNIAPASIVSRNIVYTRAQPNQDIA,1
ENAYEYLKHNGLETE,0
DPLPRCRKRWMLPIWIHEETCLLKITTGLLEFEVYLEYSDNRI,0
MFLRNSVLRTAPVLRRGI,0
MMPRLLFRAWPRCPSLVLGAPSRPLS,0
LYGNEGCGWAGWLLSPRG,1
QLLDVVKRQQEMLRLTVWGTKNLQARVTAIEKYLKDQ,1
IDDYLWVEQRVIEEVSINV,0
GTDGVTYTNDCLLC,0
RTRKRWRKRTRKRGRK,1
MKMFTVISYDIVDDQRRTSVMKVLKGYGVRVQYSVFEAILDAREFHDLSNQLRKIIDPGQDSIRCYRLDQVAAQRTVIYGIGLTTTDPTHYMV,1
QPGYPWPLYGNEGCGWAG,1
PDKWTVQPIVLPEKDSWTVN,1
AKFEVNNPQVQRQAFNELIRVVHQLLPESSLRKRKRSRC,1
VWGIKQLQARILAVERYLKDQQLLGIWG,1
LDLSDEMAMLLQEVVKQLNDSYIDLKELGNYTYYNKW,1
KGLSGPTVQWWVV,1
PSVCTMTKWQEVDEM,1
MWKIMRSWKCGGMRWAHRQRP,0
KNEWGCRCNDSSDGNEWGCRCNDSSD,1
KKKKLVLAFLFFF,1
TVIDYELRNVGDLSY,0
NCVKMLCTHTGTGQAITVTP,1
ADLEVVAATYVDDD,1
EGPTLGNWAREIWATLFGKA,1
TDVILMCFSIDSADSLENI,1
MALATRCKAPAAVCAAHSRRSVKVSAHKGAFEQVQVAAAAVAAAALLASPANAG,0
PAIEPPTGTFGFFPGVPP,1
VCRSTAKYVRNNLET,1
AIFQSSMTKILEPFR,1
MTKWQEVDEMLRSEY,1
LPEKDSWTVNDIQKLVGKLN,1
TSSMRGVYYPDEIFRSDTLYL,1
MKLCVTVLSLLMLVAAFCSPALSAPMGSDPPTACCFSYTARKLPRNFVVDYYETSSLCSQPAVVFQTKRSKQVCADPSESWVQEYVYDLELKSA,0
DMSSDLERDHRPHVSMPQNAN,0
IKKEKVYLAWVPAHK,1
KSLLTEVETPIRGSLLTEVETPIR,1
MKMKLLGIILLVSFPFVLGFAGIPIEEGENSVEVGEVERSCINVGDFCDGKKDDCQCCRDNAFCSCSVIFGYKTNCRCEVGTTATSYGICMAKHKCGRQTTCTKPCLSKRCKKNHG,0
VGYSDSGKDAGR,0
MSLFAAIGYMVREVFVFVSY,0
WTEQLASNYWILEYLWKV,1
ALYVGDLCGSVFLVGQLF,1
RRRSRNLGKVIDTLTCGF,1
ISLTPLLVCVAALLLLEQ,1
MPAEPVSQWPTFPR,0
MGKVVGIDLGTTNSCVAVMEGGKPTVIANAEGLKE,0
MASIPCTFQLSARASSASAAAAARRSPRA,0
SWETWEREIENYTKQIYKILEESQEQQDRNEKDLLE,1
RVLNQVKQILK,0
PPNPTPPPPGASANA,1
AAIIFGSIFWNVGMKR,0
MARRAASRAVGALRSDGSIQGRGGRAGG,0
MLRSYLHLGRHRTPAFRQPLGRLLRPTASILQYAQSRTLA,0
KCPTPAIEPPTGTFGFFPGV,1
MSQAEFDKAAEEVKCLKTQPMDEEMLFIYSHFKQATVGDINTDRPGLLDLKGKAKWDSWNKLKGTSKKNAMKTYVEKGKRAKEEIWNMEYKRPDLLASHMCDTMPVKT,0
MAELWDPLQNPLPDTLYGFRCMLSVKYLQGILKKYEPGILGFELHVRS,1
MALAARLLPQFLHSRSLPCGAVRLRTPAVAEVRLPSATLCYFCRCRLGLGAALFPRSARALAASALPAQGSRWPVLSSPGLPAAFASFPACPQRSYS,0
MTVKHLIVCYDVEKTKDRNKVIKVLEYYGLIRVQYSVFMGSLTETRLHQMNARIKREFTKPSIKILVIEVCNACMERALLVHEELPKVNRQFEVI,1
DADIAVWAPPVNAQN,1
NIVSLARNRNFPFSRRDDYKMESEYD,0
MTESLVLSPAPAKPKRVKASRRSASHPTYSEMIAAAIRAEKSRGGSSRQSIQKYIKSHYKVGHNADLQIKLSIRRLLAAGVLKQTKGVGASGSFRLAKSDKAKRSPGKKKKAVRRSTSPK,0
GLWRFWFGDFLT,1
LLPIVGNLLKSLLGWKRKAFG,0
MLHLVVYDISDDGSRARLAKLLEKFGLQRVQYSAFRGELNPNDREVLARQVGKFVRDDRDCIFIIPLCQRCSSTAIVISNTGVELVKEKGVEFV,1
AQNVIAPNTLSNSIRMLGSQSPLIQAYG,0
VIKLCGGGAQKCCDREPRCDPCRKCVQSFHSGVYMCSDKKSNCS,0
LTWKIPTRFCGVT,0
MAAMVDSKPAASVQGTPLLATA,0
PRHHWTTQDCNCSIYPGH,1
PPLYGRDPTTRRMPHLLLRCCLLRLVVH,1
AAKIEGRMAHVELRCLCLNTVSGIHPSNIQSLEVIRAGAHCAKVEVIATLKNDKKICLDPEAPRIKKIVQKIMEDGGSAA,0
TDVILMCFSIDSPDSLEAI,1
WCNWHNIDPWIQLMNRTQADLAEGPPVKEC,1
SPYPMALFPLHN,1
KKKKLLLPFLFLV,1
IDIDLCDICTNTMDV,0
RPETVETTVTTAQETKRGRI,1
AKDEMEECASHLPYEA,1
DAVYLHRIDLGPPISLERLDVGTNLQNAIAKLEDA,1
MAPWTRLLPLLALLSLWIPAPTRAF,0
SYSMEHFRWGKPKGRKRRPIKVSPRILENEPQENVGPEF,0
TKMIWVAVIGDWFNLIFK,0
MAMPDEERYVRKEYNRDLLDWFNNVGVGQFSPGQVATLCRYPLILENSLGPSVPI,0
MATLPRAAPPTPAALLPLPRAAPPLLLAGRAAAARRSRLRARGPSAAARRSWVVASAASSSSRAVVGGVARREAPPAPQKPTQQAADLNHILSERGAC,0
KKKKVVGATYVLV,1
YGRKKRRQRRRGSGYGGASVCIYCRSRVEHPDVDGLCKLRGKF,1
KKKKVVAKTYVLV,1
RNGDPTFCGETCRVIPVCTYSAALGCTCDDRSDGLCK,1
TNWLWYIKIFIMIV,1
WVWVPAFCQAVGWGDPITHW,1
NGNIKTDIKCYRNSHCNFHCEKSYYCQGSKCVRKRCNCYNCPL,0
MKKVLLFAAIIICIRA,0
TDVALMCFSIDSPDSLENI,1
FEPIPIHYCAFPGF,1
HDWTKNITDKIDQIIHDFVDKTLPD,1
ACNTIGGYECGGGS,0
KVLTTGLPALISWIKRKRQQ,1
MHPLQRVFRAQRLSAPLTSMCWVLLRTFRAH,0
ADKEVVAATYVKKK,1
KWLDAFYKDVAKELEKAF,1
RRFRRTVGLSKFFRKARKKLGKGLQKIKNVLRKYLPRPQYAYA,0
KSKKVKISLPCNSTKNLTFA,1
MSGSGVLLLTLLLLVPLSALAKECSMYYCSGGDFCCPGLKCGDPTGKKICIEPGK,0
KKKKPVAATYVLV,1
MRNSFKIMTALALGLFAMQANAK,0
MATSHLTSRSLLVQAQYPISRLPSNLRLSLSHHKQPAAVAKRRRAPAPSHPAFSSVIRGRPKKVPIPENGEPAAGVRV,0
LRSRTKIIRIRH,1
MRFSTTLATAATALFFTASQVSAI,0
DITLNNSVALDPIDISIELNKAKSDLEESKEWIRRSNQKLDSIGN,1
AVASVPRARGKYWWG,1
DELEAQRFYAEDFPE,0
SVFAFENEQSSTIAPARLYK,0
SPLGFGSYTMTKIRDSLHLV,1
CFQWQRNMRKVRGPPVSCIKRDSPIQ,1
WRWRKRWRKWRWRKRWRK,1
GEETLKKWEEQTKKLEEKFKKIEENIKKNEEQVKKGEEQLKK,1
MPKNKSHSGASKRFKITGSGKVLRERAGKRHLLEHKSSRVTRRLTGNAEMAPGDAAKIKKLLGK,0
YRWYGYTPQNVIGGGKLLLKLLKKLLKLLKKK,0
MEGVMQGMQAYGAGKAGGAFDPLTFFQQPQTILRLVCWVSDCCCFVLFI,0
VPVGSASCTIAALGSSDR,1
MIRTIQRQSATRFSSALVQRRLYS,0
GAGCNIFGGNDYRCHRHCKSIRGYKGGYCKLGGICKCY,0
YSHIATLPFTPT,0
MSVALLWVVSPCDVSNGTSFMESVREGNRFFDSSRHRNLVSNERINRGGGKQTNNGRKFSVRSAILATPSGERTMTSEQMVYDVVLRQAALVKRQLRSTNELEVKPDIPIPGNLGLLSEAYDRCGEVCAE,0
AENTDANFYVCPPPT,1
NREILKEPVHGVYYDPSKDL,1
AALEAKICHQIEYYFGDF,1
LVTLEHQVLVIGLKVEAMEK,1
MSATKKYEMMILLTEEFNDSELKTWAFNYAKALRKLSASEISVISRGKRDLSYYINNQKKGNFIQINFSSMPKYVDNFSKNLKFDSNVLRFLILNK,0
YARDLTTKARATAPT,1
MATGVAPAPLPHVRVRDGGIGFTRSVDFAKILSVPATLRV,0
MKKTLIALAIAASAASGMAHAW,0
LYYFDCFSESAIRKA,1
VGLLLYCKARSTPVTLS,1
LVSFRYEDQGPLVEG,1
LEAIPMCIPPECAFNKPFVF,1
MANVALLSAASPSTSSAAPRLRHVARRRPSRRSACPRSAASRLSIMA,0
NRLARHFRDIAGRVNQRL,0
MKFTIVFLLLACVFAMAVATPGKPRPYSPRPTSHPRPIRVRREALAIEDHLAQAAIRPPPILPA,0
YVTQQLIRAAEIRASANLAATKMSECVLGQSKRVDFCGKG,1
CPYSMRAKRIFRDLKENPYIVELDLREDGREIQSVLLDLVGRHTVPQVFVMAAARAAVPIAVFLLLVLAEADPAAATRSPSAFVQNAIYSNRITIFSKTYNGQHVGGSDDTANAHSNGQLQKLLGNSQSQR,0
MKHWRLVSYDIREPKRLRRVAKIMEGFGERIQYSVFRIYSTDKELEKLRWKLAKVTEEEDNIFYLTLCTKCASGAHTQEKKSAWPEAPKTLKIL,1
ALSVASPSPSCNTHCPDPYLNLPGHYVCCDQHPGKCPPVPHCPAYPRKCFYDPECGLNEKCCNTPCGGKRCISIPYSGK,0
MNMSLSRIVKAAPLRRTTLAMALGALGALGAAPAAHAD,0
KANEGLTWNSLKDK,1
MSIQICNFPFHPKFALQPRA,0
TVAWDWVPKRPSVCT,1
HSDSQEELWMFVRKK,0
MDSLASLVLCGVSLLLSGTVEGA,0
RGTKALTEVIPLTEEAEC,1
EVEPVPYCKVITWYDVKCGADGNKTCVDHLIKGHIYDVPVCDCSELTTSGILCTCQHRFPCKEPPPLHRISIRKQIRG,0
CTEEHIVATELVIQEMYIKINVKNSP,1
MQCNFANSCTGVELYGYILRGDCINEDGHPHATSINLNYYIGNDNGRLEYPGESFGSSCVKTALNDGHTLTASCKGADGQYHDSSMDLNYVVGNSYGYMEPCRASNADHVLKSSSELEHHHHHH,1
DGGNTSTFSED,0
NKSLLTEVETPIRNEWGCRCNDSSD,1
GRRITTRRIMENGQE,0
GCMKEYCAGQCRGKVSQDYCLKHCKCIPR,0
KVINPEPIVEPFMSKPFALF,1
MPKADIHPTWYPDAKVTCNGEVIMTVGSTKPEINVEIWSGNHPFYTGTQKIIDTEGRVDRFMRKYGMKEKTTGDKQDKKKK,0
MRLWLRGLACQALRSSWGVCRIH,0
MRIVYLLFPFILLLVQGAAGSSLAPRNKEKCHREKGFCGFLKCFPFIISGKCSRFFFCCKKIFG,1
MITLAIFVNKFGR,0
PQITLRKKRRQRRRPPQVSFNFCTLNF,1
MYRYLGEALLLSRAGPAALGSASADSAALLGWARGQPAAAPQPGLVPPARRHYSEAAA,0
MNSSTIRRSIGLTGSLAR,0
MFMARQVLRNGLFLRSLAPIKITARTV,0
GREERRQRRRC,1
VPAHKGIGGNEQVDKLVSAG,1
DPTARLQLEARLQHLVAEILEREQSLALHA,1
SKVNGASGRMEFFWTILK,1
MDGALFPHKPPYPIQSKRPPPSQSSNQSIKFSSATLHLPPPSPPSFPLDSLLHHLVHLSSPPPRHSNSAAARFPSLEV,0
DLIWKLLVKAQEKFGRGKPSKRVKKMRRQWQACKSSHHHHHH,0
IAEIQKQGQGQWTYQIYQEP,1
TEQTATDYVPSSTSTPH,0
DPQTECQQCQRRCRQQESGPRQQQYCQRRCKEICEEEEEYN,0
TTVKVHASDERLGPMPCRPKEIVSSAGPVM,1
TGDVGQMGPPGPPGP,0
MDRIFARRYNATHIK,1
MEGLLKLSTLVIVCMLVTAPMASEAAISCGAVTGSLGQCYNYLTRGGFIPRGCCSGVQRLNSLARTTRDRQQACRCIQGAARALGSRLNAGRAARLPGACRVRISYPISARTNCNTVR,0
PPLVVPVEESEIIFWDCWAPEE,1
HLGSVVALSGGKDKLLLPRQLTPEML,0
VCYFMVFLQYGRKKRRQRR,1
RINGSSKLLGGSPSMPRWYFV,0
MFRQIPKFSVIRASCFASRCFYSSKSSNA,0
MYVVIVYDVGVERVNKVRSFLREYMNWVQNSVFEGELTKAEFLKIKSRLKELIQESSDHIIFYSSRDRKYLGIEDLGTPKADTSNII,1
DHILEPSIPWKSKLLTLVQL,1
LKARTVTFGVVTSVI,1
PFLWMGYELHPDKWTVQPIV,1
MKRLILPFLSVGLLLGTTAHAA,0
SKVNGQSGRMAFFWTILK,1
MAARTLLCRKTLSSVLRNDAKPIGAAIAAASTQSRGL,0
MFSRVALRAAPRQQPFSLVARRTFQTTRAQLS,0
NFYEIFRNRNRGGLIKDAATPWLPCEILRPC,0
GVGVAPGVGVAPGIGLGPGGVIA,0
FLKWLFKWAKK,0
ACAGLYKKCGKGVNTCCENRPCKCDLAMGNCICKKKFVEFFGG,0
RRKKAAVALLPAVALALLAP,1
TNDCPNSSVVYEAADAIL,1
KKKKVVAAPYVLV,1
EQLASNYWILEYLWKVPF,1
VTTAQETKRGRIQTKKEVSI,1
MSALRKLVVTLLFSMLMLNMLDDSAFALDCCLRYSNKRLPFRLISGYVQQQSNEICDIDAIVFYTVGDQAICANPDSRWVKVALKLMSKKLEEMSLD,0
SSCNMGWDTPACCVWFPYWV,1
MASLAALLPLLALLVLCRLDPAQAF,0
ATISSPDAVAAAAYTPYFEIYYGPNCASASRVYTGVNRGEAWINDTFNNTETGTAGYGQKIRNNAASIRTWNVQSVNIKGNDGTYIAFSSQGACVPLDSRFGNRRNNNIGWQTVPLGGFSN,0
GCPRILMRCKQDSDCLAGCVCGPNGFCGSP,0
RRHGDEDMFYMHVRG,1
KAAKKAAKAAKKAAKWAKKAA,1
RRKKAVLLALLAP,1
GLVGPDAGKEMG,0
PPDVHTPPHALWRLHLSLRVCLVRMWIH,1
MLSRLSLLSNSRAFQQARWRIYRLKVSPTVHASQY,0
MSVFSQLAESSKQNPFSLPVRSGNCASA,0
QDGGTWHLVAYCAKSHRY,0
ACFPWGNQWCGGK,1
GYVTNRGRQKVVTLTDTTNQ,1
DEDIFICHACTICNLESY,1
MAVRLWVVALALAALFIVDREVPVSAE,0
FLVGILPRMRGFITPFLKKVR,1
RRKKAAVALEPAVLLALLAP,1
AKLKVVAATYVLKK,1
QVDPDLADQLIHLYY,1
GKVIDTLTCGFADLMGYI,1
MVVIVYVIVAYDVNVERVNRVKKFLRRYLNWVQNSLFEGELSSADLEEVKMGLREIINEDEDMVVIYRFRSADAFKREVMGIEKGLGGEEVI,1
MSTQKGLRGMVNQTTQGISAQRVLVTALVIISLFLVSGTSARYLDDECPGVMGNRDLYEKVVRVCDDCSNIFRMNDMGTRCRKDCFYNVDFLWCVYATERHGDVDQLNRWMSILRAGRK,0
RRKFRRQRPRLSHKGPMPF,1
MAPQTSNLWMLLLLVVMMMMMSRGCCQHWSYGLSPGGKRDLDSLSDTLGNIIERFPHVDSPCSVLGCAEEPHFPKMYRMKGFIGSDRDNGHRTYKK,0
SLLQLRKMIKKMTNKEPILSYSKYGCNCGMAGRGKPVDATDTCCSIHNCCYGKVTSCSTKWDSYSYSWENGDIVCDEKHPCKDVCECDKAVATCFRDNLDTYKKRNIFHPTSSCVKVSTPC,0
GLLDIVTGLLGNLIVDVLKPKTPAS,0
MQVRAVLVLAVVALVAVATSRAQ,0
IVHVTAKDKGTGKENTIRIQEGSGLSKEDIDRMIKDAEAH,1
SKVNGQSGRAEFFWTILK,1
MYIVVVYDVGVERVNKVKKFLRMHLNWVQNSVFEGEVTLAEFERIKEGLKKIIDENSDSVIIYKLRSMPPRETLGIEKNPIEEII,1
KKKKVVLATLVLV,1
MKYPRTHIQFPSMLRNRLFKTPHQTGFQWRLGAPATGITIRNQPIRSYSGLRGNFLIDKRLSPVKFNKYSPSDIVFYNIGSSRLYS,0
RFLTGALEPLSSGFI,0
TKGPGRVIYATGQ,1
TFWWHPNYYVDW,1
TDVILMCFSIDSPDSAENI,1
KKKKLLLATLFFF,1
MSFATTNKTIVPCATTKQIVRPRFLSNGTISKSRA,0
EINCTRPNNNTRKSIRIQRGPGRAFVTIGKIGNMRQAHCNIS,1
MRVLYIIAYDITDARRLGQIRYFLKGYSTGGQKSVYECFLEREELKFIISKIKRLINPNEDRVHIFRIDGRSKVITLGIAVPPIDPEYFYIG,1
SGCANNTCYNVSVIVPDYQC,1
ALGPAAAAAEMMTACQGV,1
MLRGSTSVCRSLELVTQAARYA,0
ITYEEGKELFQGERTDCVGDGQRCADWAGPYCCSGYYCSCRSMPYCRCRSDSGK,0
MQPRVLLVVALLALLASARAS,0
MSAAGAIAAASVGRLRTGVRRPFS,0
MFAKTAAANLTKKGGLSLLSTTARRTK,0
MIRQCLSRRGAYSRYRLAARGVELAEPFHHQSSRPQGRRNWSSSPRCSL,0
MRLLRPTPRLSSIFSSKTATSNLRFFT,0
MLRISRDTKIVARVTHVTKSRTYA,0
MASTLSFAASALCSPLAPSPSVSSKSATPFSVSFPRKIPSRIRA,0
TTPLCVGVIIGLTTSIKICK,0
MACGFRRSIACQLSRVL,0
MSSSMNVATMQALTFSRRLLPSVASRYLSSSSVTVTGYSGRSSAYAPSFRSIKCV,0
MAMATRAIRYQLPSPRFRAPRCESSEPIKQIQIQQRPRGGDLAENGKIVLQPRLCTLRSYG,0
VWNLTNCKLKINHIG,0
MAAAAVARAVLFSAARRRLCGFTERLLIGGAAGRSLYFGGNRLRSTQ,0
MKLTCVLIVALLFLTACQLTTADDSRDKQEDPLVRSHRKMQKSEDPKMAERCSNFGSDCIPATHDCCSGECFGFEDMGLCT,0
SKGEEKTSGELRDVTPQRGGPCSYDNLCHNHCPGCKITQCVNGECVCLICYTPPL,0
QRNSHDSSVVAQEQD,0
MSALTSQPTSSGSSEKIPRLRGWRAKAAGVVLAALALTTGVAAPAPAA,0
MPRAGVAASAFKLRNIWHIHNLHRVRSQQTRLMS,0
TRQCRRGRIWKRWNETITGP,1
GWAGWLLSPRGSRPSWGP,1
GIADILKGLLG,1
KHMHWHPPALNT,1
MLQNSAVLLVLVISASAT,0
EAVRHFPRIWLHSLG,1
ASQSIWLPGWL,0
QQPFCQQPQRTIPQPHQTFH,0
NELRLTRDAIEPCTV,1
MILVTYDVNTVEPGGRRRLRQVAKACQDYGQRVQNSVFEVEVDPARWVALKARLEAIIDPALDSLRYYDLGANWQRRVDHVGAKPAVDLHGPLIL,1
QRRNQLHDLRFADID,1
KKKKVVAAFLVLV,1
SMRISSRPGACYSRP,1
FHRCGAGPKLTKDLEAVP,1
MGAMWMKSMLLVLLLCMLMVTPMTGARSDNS,0
TDHQMAQSACIGVSQDNAYASAIPRDCHGGKTCEGICADATATMDRYSDTGGPLSIARCVNAFHFYKRRGEENVSYKPFVVSWKYGVAGCFYTHCGPNFCCCIS,0
MNKIYYLKYCHITKSLIAVSELARRVTCKSHRRLSRRVILTSVAALSLSSAWPALSA,0
ATHQETIEKVTEALKINNLRLVTLEHQVLVIGLKVE,1
MFYLISYDISVDQRRLKIAKLLEGYGQRVLESVFECDLELPAYRQLRQKLNRLIKDEEGDRLRIYRLCASCREQIEIIGDGPPPETSQDIYII,1
VRLRVKTRVRLK,0
AKLEVVAATYVKKK,1
PTKFMLKYDENGTITDAVDCYQDVNCTDVPTAIHADQLTPIQEEIDRLNEVAKNLNESLI,1
QLIHLYYFDCFSESA,1
KGGRCPPSKLAQPQCASMTYEGCMIDEHCAGKQKCCNLGCDYSCMNPI,0
NVQGKTGIQQLQKWEDWVRW,1
VEENMKKLEERLKKREELFKKQEEWFKKWFERSKKFT,1
MACRLFWASRVASHLRISVAQRGF,0
PPVYTKDVDISSQISSMNQSLQQSKDYIKEAQKILDTVNPSL,1
APPSISSNNRPEAQMSIQEMEKFLEGLTRYL,0
MAAAIASSLIRQKRQARESNSDRVSASKRRSSPSKDGRSLCERHVLGVFSKVRFCSGRKRPVRRRPEPQLKGVVTRLFSQQGYFLQMHPDGTIDGTKDENSDYSKERQLLAMQCK,0
SPSAVPLIRFG,0
MLKTLRFGTRAFGQNLNIAKRNFCTRYTNDH,0
ADCSATGDTCDHTKKCCDDCYTCRCGTPWGANCRCDYYKARCDT,0
WEEWDRKIEEYTKKIKKLIEESQEQQEKNEKELK,1
MWKTPTLKYFGGFNFSQI,1
MFLAVKIPIRRFHVSYKVFE,0
RRKKVALLPAVLLALLAP,1
GSDTSLIDTCGNTPNVSGAN,1
PGPGGFGAQGPKGGSGSGPT,0
IEEQAKTFLDKKNHEEEDLFYQSSLASWNYNTNIT,1
SWFASTGGRDSKIDVWSLVP,1
INWDILIDTIKDKL,1
RLASWSVKQANLTTSLLGDLLDDVT,1
IKKTYEEIKKTYEEIKKTYEEIKKTYEEIERDWEMV,1
MFGHVFSRRTSFLVRCFHVAKKFSNPEPEDILFSALCLNLRQRRWNTLHQFSSSLTNPLISRVLREFRSSPKLAL,0
FLGGLIGPLMSLIPGLLK,0
MFGNTSVSFLLLSITVLGMVATVICSCKYGEWTEKCGQPGETCECPNHVCCDLKRDVCMPSKSCKALIHKIVFRRSTRV,0
LTDSRPLGPFNVTESEMAQLFIDHEIAMAQCEAEKTCNGFDLE,0
THLEGKVILVAVHVASGYIE,1
MERGERVSVPVSGYSRGEGVTVA,0
KKKKVVAAAYVLV,1
RTCYSCTENICLQHEQCQDGQDVCYKRWNTTYLILTDVVRGCAKTCPTPIEEEEVYCCLKDNCN,0
SYSMEHFRWGKPMGMKRKPVKVYPNNFEDGSVENMGPRL,0
ESWEFPSQTLCGTVSNSLTVGNPNQITEKLADLKMGISVLIQACLDGQPNMDDNDSLPLPFEESYLTMGDNSLRESFRLLACFKKDM,0
PPLFEDTPMVNSIPPLRVRLFLLRLVFH,1
IRPIPFIPRGGKT,0
PSQPTYPGDDAPLEDLMAFAIDLSFYLGVV,1
HGCFDQLSPLVGLTF,0
MRSLLVFRKIPSRIRLRNLRNNKPFCS,0
QPDAVNSPVTCCYTFTNKTISVKRLMSYRRINSTKCPKEAVIFMTKLAKGICADPKQKWVQDAIANLDKKMQTPKTLTSYSTTQEHTTNLSSTRTPSTTTSL,0
FIKHFIHRFSATRWRWRWF,0
FAVATITHAAELQRV,0
LTLWNEARKLNPNAI,1
MPVPKKRTSISKKKIRKNFWKKKGYKAALKAFSLADSILTGTSKVIVL,0
PSRVEAFHRYGTTVN,1
ATHIKVGQPQYYQAN,1
LAAKLTKAATKLTAALTKLAAALT,0
DDSVVAAMSYSYA,1
MRRSRGFRSKTRHKLQKVKRPGRSNPITRKIQSFNEGDLVHIIIDPSIHRGQPHPRFHGKTGRVVGMMGKSYVVALKDGNKDKQLVVRPEHLQMQE,0
LRKRKRLRKLRKRKRLRK,1
FLSLIPGAISAIASLFK,1
NAGPFTPTVNREQLSTS,0
LGNFSQACYNSAIQGSVLTSTCIRTNGGYNTSSIDLNSVIENVDGSLKWQGSNFIETCRNTQLAGSSELAAECKTRAQQFVSTKINLDDHIAAIDGTLKYELEHHHHHH,1
GDCPPWCVGARCRAGKC,0
HQNIGSSSSPDIY,0
NDSRGIDAEEELETKAELVITKLKTPLMRGKVVVGAAGA,1
CAPPGSSCNHTDNKCCISACCFGACVLPCQVPGKRAKLLEFFRQR,0
MNSVLFLTLAVCSSLAYGK,0
MGTQEGWCLLLCLALSGAA,0
KKKKLLLPFLVLF,1
DVMAVSTCVPVAADN,1
TDVILMCASIDSPDSLENI,1
GSHTEHTTYAADRFK,1
PAFCQAVGWGDPITHWSHGQ,1
LVVLLLFAGVDAETHVTG,1
SSTSTVTPAHST,1
WTDMFTAWWSTP,1
DKGPGFVVTGRVYCDPCRAGFETNVSHNVQGATVAVDCRPFNGGESKLKAEATTDGLGWYKIEIDQDHQEEICEVVLAKSPDTTCSEIEEFRDRARVPLTSNNGIKQQGIRYANPIAFFRKEPLKECGGILQAYDLRDAPETP,0
VTVLDVGDAYFSVPLDEDFR,1
KPVSLSYRCPCRFFESHVARANVKRLKILNTPNCALQIVARLKNNNRQVCIDPKLKWIQEYLEKALNK,1
MKASMFLALAGLVLLFVVGYASESEEKEFPRELLSKIFALDDFKGEERGCKGFGDSCTPGKNECCPNYACSSKHKWCKVYLGK,0
YKPRRKRAAIHVMLALATVLSI,1
KKKKVLLPFYFFF,1
EIILHALGRECCIAPMCRGACSCCE,0
LGTPAKFAMQIIQKENPKLTNVQTVLNGTPVTEDLRCNRVRLFVNVLDFVMVKFAHVVAFLLLASLFQPLTARDLEINVLQLDVSQSGCPGVTKERWPELVQTPQVG,0
FKDKSVLKIVKIFVDIYF,0
PPPLPYGPNRNGEPHLRVLLRLLCIRLH,1
KTNVTLSKKRKRRFLGF,1
DSGLLDYTEVQRRNQ,1
VTEIKKDENNAVPSM,0
SSGLYHVTNDCPNSSIVY,1
MRGGNLKVLVVYDITDDSLRLKVAEILKDLGLFRIQKSAFIGEMTSQERENMEEILRRQNLGPSDRIDVFPICDRDLKMHSQIGRGKFGRGPP,1
TEPSTRGSWKFW,1
TPKFKLPIQKETWETWWTEY,1
RRKKLAALPLVLAAPLAVLA,1
GLTIHWGCAMEAANLFGKILEEKKLSRLPPSHL,0
MLCVAMAARPVSSTTSTCRPCLPAQVSASKPSTSSSPGTGVLVGVPRERGSSVSKAAIRGARLEAAARC,0
MSVTVSSPAGRSFHISRSPYKKISKPRVIIA,0
KKKKLVLATYVLV,1
TKKNSFKRKSIMLPKSLLSVVKSATLETKPESKYS,1
FFIILLTIDRYLAVV,1
MKYFLVLVVLTLILAISVGQSDALFVDIIDNVENAIHKAAKTGIGMVKPIENIFIPNQQKKSTEASN,0
GSLDAIPQDTDASSD,0
FPDTVACRTQGNFCRAGACPPTFTISGQCHGGLLNCCAKIPAQ,0
FHRKKGRGKHK,1
GAPASVLGSRPFDYGLKWQS,1
MKYLWVFIVFSIAVLSHACSA,0
MMLGAVRRYGVVHALRASVPRTICRPSNSQLLRCQTSPVTACPQSVRLLHKSSPFFS,0
YTSLIEELIKKSEEQQKKNEEELKK,1
QFLGVPYAAPPLAERRFQAP,0
MNFSIKSVIFLAIVALATLVSAS,0
LTSDTYFLPVPA,1
SKVAGQSGRMEFFWTILK,1
DCLPDWFHYEGHCYRVFDEPKKWADAEKFC,0
LEAIPMCIPPECLFGKPFVF,1
FWRGVISLTPLLVCVAAL,1
EDGGSWIESWPEWWLG,1
AADDTWEPFASGK,0
MQATALSSGFNPLTKRKDHRFPRSCSQRNSLSLIQC,0
AGHNKVGSLQYLALA,1
RWNKPQKTKGHRGSH,1
RRFKKFLKKVEGAGRRVANAAQKGLPLAAGVKGLV,0
AAAPAATLEEHMTACQGV,1
CVTCKSTVLCDKMQHPCRRGPRCISC,1
MLTARLSRPLSQLPRKTLNFSDRENGTRGSLLLYSAPFVPVGRRTYA,0
ILGATGFSQQSIAKRRWKRTTLPTRTNNGKGHAKKSKTRCSKKPLLVNFKELGWDDWIIAPLDYEAYHCEGVCDFPLRS,0
MSILQYFPLLLVLVTLSQCTLEPNLCDEKRTTQCDEYAVCCSLGNEQYGCCPFTGGTCCPGTSHCCPPGFSCTTNGTCKRTSTIEKPLDPHDVDIIN,0
LRMTCAFGVAQRSADCALSS,0
TDVKESEFIAEGAVGR,0
LTEDRWNKPQKTKGH,1
FAVNPGLLETSEGCRAAA,1
INLKAIAALARNY,0
RTCVKRVAMRGIIRKRCR,0
SVATSDEEQEDEADQVSSLYEDWQSSM,0
LSNTLAELYVREHLR,1
PPGAPPQPDSVCELHLLCVLRLLVIRIH,1
AAATQAANGGPATPA,1
KKKKVVAAEYVLV,1
MLARGLPFRSALVKACPPLLNTGREGWGHHRVGTGEGAGI,0
FDNSDQGPPQDGNGN,0
ACCPYEPSCCI,0
QSGQYQQQPQMQTT,0
TWLATRGLLRSPGRYVYFSPSASTWPVGIWTTGELVLGCDAAL,1
KFDMVAYVSEEDS,0
YYQANGGFLIAYQPL,1
SSFDPVKFPEDQFNVALDQVFESIENSQALVDQSNRILSSAEK,1
MAAMNSSVLTCSYAIAGSGSVELNQKVGLVNSSVGFGQKKQMIMPVIKAQ,0
YGRHSHHKEHFKRKC,0
VNGENLVGDDVVLAT,0
ADGYQRSLLGRMKGA,1
NDKSDRNIPYSPLPPKVLDN,0
TTWEAWDRAIAEYAARIEALLRALQEQQEKNEAALREL,1
RSAQGLGKMERLLVSYRGAVEPNTPLGDLSGSLGHPVE,0
LWKVPFDFWRGVISLTPL,1
QIVGGVYLLPRRGPRLGV,1
KIPCGESCVWIPCLTDVFNCKCENKVCYHD,1
VGNWAKVLVVLLLFAGVD,1
SCTNPGKKRCNAKCSTHCDCKDGPTHNFGAGPVQCKKCTYQFKGEAYCKQ,0
MQRAVSVVARLGFRLQAFPPALCRPLSCA,0
QMRRKVELFTYMRFD,1
LGCETAALRLGIKLTQHYFGLLTAFGSNFGTIG,1
MSSLSVRFLSPPLFSSTPAWPRT,0
MLSANMLRRMHHGVAVTRMLLVSNGKVQV,0
DVREEEQLGERATGLNLNI,1
MSCPASPSAAVVSAGALCLCVATVLLATGSNPTALSTASTRSPTSLVRGVDRGLMRPTTAAALTTMREV,0
MKWVESIFLIFLLNFTESR,0
MARHRNWPLVMV,1
CATCEQIADSQHRSHRQM,1
MYGKIIFVLLLSEIVSISAS,0
ALGEEQLQEEAAKS,0
LLPALTGLLHLAPPK,0
RYSTQVDPDLADQLI,1
MIYQVVLLLLVSPAPVSAAG,0
GFLDIIKDTGKEFAVKILNNLKCKLAGGCPP,0
KKKKVVAATYFFFA,1
AVSKVLHLEGEVNKISALLSTNKAVVSLSNGVSVLTSKVLDLDNYIDKQLLPIVNK,1
GNTPNVSGANPVDCTMYSNK,1
RVLKDVESALRESVANWKIVIG,0
MATSSTFSSLLPSPPALLSDHRSPPPSIRYSFSPLTTPKSSRLGFTVPEKRNLAANSSLVEVSIGGESDPPPS,0
AYQPLLSNTLAELYV,1
MYLHLTALCVVIPLCYGA,0
RWRKRWRWRKRWRWRKRW,1
ALRSTKVSKSPPCLVAGSSCRGTTRVCCGFCSHYGYKCRDRPTS,0
NRILPTLIGPL,1
AAQRRGRIGRNPSQVGD,1
SKVNGQSGRMEFAWTILK,1
NDPCEEVCIQHTGDVKACEEACQ,0
KQNAANILRLKESIAATNEAVHEV,1
TKFPSVYAWERKKISNCVAD,1
KKCGFFCKLKNKLKSTGSRSNIAAGTHGGTFRV,0
GKDFFKPLRILLTGNSHGVEF,0
MQSAAAVGLLRPCGATTAAAPLQLRNPSPRGFGVGVGQPLLPPRGLRLSAVAPRAGISARRIGLVPA,0
FIRKFLKKWLL,0
PPRGTETPQRCRRLHLVEMLCLVRVVFH,1
MSEALWTAWTQW,1
DFRELNKRTQDFWEVQLGIP,1
MSKRTFQPNNRRRARTHGFRLRMRTRAGRSILSARRSKGRSQLSA,0
RGILIHNTIFGEQVF,1
YIWEINTEEEGTPEQ,0
EDGGSFMCLWCGEVHG,1
MIPQLNRNYAWAIALGLVARSSLVSAG,0
MSRPQGLLWLPLLFTPVCVMLNSNVLLWLTALAIKFTLIDSQ,0
MARVLKAAAANAVGLFSRLQAPIPTVRASSTSQPLDQ,0
MSWSKACRGTRISSYLENLHRTSQYPRTILCSRYYTHGACKSNEHYLRSKRVFWGSSSSWSLNSHSATAKSMLDSAHRQYS,0
MATITPSSISNAWLIPGASFTVKKSDCSIKCSFSRKAGKQILSSTQRLVLPLSTSLRLFPTHGRQFVLHPHRRATGTDVVA,0
FVGGVASKVVPSVYCKVSKK,0
SWLVNRDWFHDLNLPWTGSSAGTWQ,1
MATAWVATALRSAAAARRL,0
PDRAIDTYRTSPVADQRYNA,0
MKFHIIFCLLAALMMTSAFAE,0
MAMSLSGAVLSGMGSSFHNVGAKQSGVGTVRVGRKSELVVVA,0
MAISKVWISLLLALAVVLSAPAARAE,0
LNKAKSDLEESKEWIRRSNQKLDSIGNWHQSSTT,1
TREILSAEICGWNDPAVHCKTKEDCFEKCGGRPAKKVFCVRPGDHSYDRLCCCRA,0
MALTMSAKSVSARAQVSSKAQAAPAVAVSGRTSSRVMPAPALAARSSVARTPLVVCAA,0
KRWRKRWRKKRWRKRWRK,1
MAASVHCTLMSVVCNNKNHSARPKLPNSSLLPGFDVVVQAAATRFKKETTTTRAT,0
MQYKINMYAIVVYDVNVSRQNQIREFLRKYLYHVQRSVFEGEISPSSLYYMKKILQSYIGETDSLIIYVLRDKSCLMDKIVLGEDKDLQIY,1
GSHMSFHVTAEDARIEVRDNRTILFARLRREDGEWNDASYELDQIIGNNDGHFQWGGQNFTETAEDIRFHPKEGAAEQPILRARLRDCNGEFHDRDVNLTEIVENVNGEFQAKF,1
MATTVTLKSFTGLRQSSTEQTNFVSHVPSSLSLPQRRTSLRVTA,0
EELAKKAEELAKKAEELAKKAEELAKKAWASLWNWF,1
VSRRYLASLHKKALPTSVTFELLFDGTNPS,1
MLALRKTLLHGRLPAAPPAAAAAAIASRIPALLRRLSSSPGDGQ,0
NNAKKTNVTLSKKRKRR,1
KQLLPIVNKQSCSISNI,1
VCRGYGLPCTPEKNDCCQRLYCSQHRLCSVKAGK,0
DPKPKKNKKPKNPTP,1
MYWRRAALVGTRLIPVRSS,0
MCSISQKVVIGLNKAAANNNLQNLDRRGFKTRCVSS,0
VGCFLLVIVFLNLAGVQVVLGGACRLEGMFCIHSPECCLQDCCSGICNSGACGKRAQHQRLHLRRF,0
FSVPLDEDFRKYTAFTIPSI,1
LGFVVQMPVVTMESKFAHIIVFFLLATSFETLMARKEIDGPEVIELLKEFDSNLMCEGKQMWPELIGVPTKLAKEIIEKENPSITNIPILLSGSPITLDYLCDRVRLFDNI,0
MAARSLWAVQRLQRLLASGAMSESRGWLHPFS,0
MYPPALTLLLTPGLVAAA,0
EERKKLGEEIKKEAEEAKKQIEETKKNDEE,1
MFCKHLSFVAITICFLLVLAKTENEIQQKNIKFDQRTWRNMRSNGYLALPRQGRSDNQPDYTCCGMPLTKYVGICPIGMECCPGLKKVLQKSGQRTIYSVCVADAY,0
MRRSIATGFASIVKGFHLHSHRHRLQISNPRTAASLSLCGFCFWIRAFS,0
VRVLEDGVNYATGNLPGC,1
EPFPKRVWEQIFSTW,0
TSVITIELSNIKKIKCN,1
NADIIKSLIRKTIINASKNTASLSILQHLYVLRS,1
LAKLSDGVAVLKVGG,0
WMEWDREINNYTSLIHSLIEESQNQQEKNEQELLELDKWASLWNWFNITNWLWYIK,1
MALPSCLKTGALMSPATGFNFSGSLMKSDSGFAVPTKLQSTRKGDRERLRV,0
GHKARVLAEAMSQVTNPATIM,1
KGLSGPGGWWGFV,1
MAAFTCTSSPPISLRSEMMIASSKTVSLSTRQMFSVGGLRTRVSLSSVSKNSRASRLRRGGIICE,0
SNFASITTPRPH,1
KRRGGGKLLKLLLKLLLKLLKC,1
ENGLHNRSLNPR,1
RNPVCPGYAWLSSGRPDGFI,1
MTLTVQARQLLSQIVQQQNNLLRAIEAQ,1
ESAIRKAILGHIVSP,1
KWKLFKKIGIGKFLHFAKKF,1
VHEAEASCASRCKGHCRARRCGYYVSVLYRGRCYCKCLRCSSEHSMKFPENEGSSPSDMMPQMNENENTEFGQDMPTGETEQGETGI,1
LEAIPCSIPPCVLFNKPFVF,1
MYIIFFIRGFYLYGLCLRLFIFLCVYYISPRLPSSGNRRLCCSIFWLSNIIFYVSVFFCCIYFVVFSQQLFIVEGGGFIDLPGIKYYSRFFY,0
MLCNIFKRSLQANIRNVNNLNVLRLS,0
CHRCFHFRRHPVAVF,1
MFCASSSPITSPLYPKAYKFSQTKSNSKRFSSLRA,0
PPSHRTTPASRSLPPLRVFVVLSFSGVHLNKIRIRAREIYES,1
AISGSSLAHPQRKIS,0
RMRGAHTNDVKQLTEAVQKI,1
SGIVQQQNNLLRAIEAQQHLLQLTVWGIKQCCGRISGIVQQQNNLLRA,1
GKKGGKGGKGKGK,0
YVGQRLCGSQLVDTLYSVCRHRGFYRPNDGIVDQCCTNICSRNQLLTYCNDR,0
KKKKVVAATYFLVA,1
GIGRKFLGGVKTTFRGGVKDFASKHLY,0
SDDPKESEGDLHCVC,1
GGPTLGNWAREIWATLFKKA,1
SDHSESIQKKFQLMKEHVNKIGVDS,1
AGTRSSRARATDARGCRLRSQLVPVSALGLGHSSDELIRFRFCSGSCRRARSPHDLSLASLLDAGALRSPPGSRPISQPCCRPTRYEAVSFMDVNSTWRTVDHLSATACGCLG,0
TWADFYFVAILDYLN,0
MIKTWIRCLTTEVRYHQPNAHGRSLVMSVLNST,0
ECRSTSYAGAVVNDL,1
PPGTGEEPEQAGLPPPELLVEPDYMWSPP,1
PVDCTMYSNKMYNCSLQNGF,1
GTKWLTEWIPLTAEAEC,1
AVACELKWESEFWRWTEQ,1
LPRRLHLEPAFLPYSVKAHECC,1
GTPGVAAATQAANGG,1
MAKYISNLSRIAVVRGRVSV,0
QIQDPEIPKCGWWNQMAYYN,1
IGLKVEAMEKFLYTAFAMQE,1
MALRAVRSVRAAVGGLRAISAPSAPCLPRPWGLRAGAVRELRTGPALLS,0
TDAILMCFSIDSPDSLENI,1
WIHAEIKNSLKIDNLDVNRCIEALD,1
LEAIPMSCPPEFCFGKPFVF,1
TADMDGPGNPEMT,0
CLGIGSCNNFAGCGYAVVCFW,1
KEGSNICLTRTDRGWYC,1
ANFYVCPPPTGATVV,1
YLRGVNRSLHGIWPGKICKGVPTHLATDVE,1
DCLGAGQFCAAHSWIGVGCCNSFCIVIC,0
MPSCHARPQFTLPLVLFQELSSDEDTRQQSAHRKTDSLPDTSRVEGLPSLCSLPKVVGPCRALIPRFYFNSTQLECLPFAYGGCHGNDNNFETYSECQASCR,0
HKILGYTVIAMPEVEGEEIQ,1
DIQKLVGKLNWASQIYPGIK,1
WEQKIEELLKKAEEQQKKNEEEK,1
MRTSYLLLFTLCLLLSEMASGGNFLTGLGHRSDHYNCVSSGGQCLYSACPIFTKIQGTCYRGKAKCCK,0
QARQLLSGIVQQQNNLLRAIEAQQHLLQLTVWGIKQLQARILAVERYLKQQ,1
DQAEHLKTAVQMAVFIHNYKA,1
NYTEGIAVVFKENIA,1
CSRCLELALCLDPAN,1
FINGRWDSQCHRFSNGAIACA,1
ASSPRVDHRLV,0
TDVILMCFSIDSPDSLENA,1
KENIAPYKFKATMYY,1
YGRRARRRARR,0
MGSRTPESPLHAVQLRWGPRRRPPLLPLLLLLLPPPPRVGGF,0
KKKKLLAPFLVFF,1
FCPNLCLYCPAPGVCIPA,0
DEERDVRGLASFLGKALKAGLKIGAHLLGGAPQQREANDERRFADDDDDVNERDVRGFASFLGKALKAALKIGANMLGGTPQQREANDERRFADDEDDVNERDVRGFGSFLGKALKAALKIGANALGGSPQQREANDERRFADGQ,0
WEEWDKKIEEYTKKIEELIKKSEEQQKN,1
DGFIHVQGHLQEVDAGNF,1
YSCPKPCYGNMCCSTSPDHKYYLTDFCGSTSACGPKPSCSGKLYFTADSQRFGCGKHLNLCRGKKCVKAKVYDAGPAEWVEKDAGKMIIDASPTICHELTGGSSCGWSDKFEITATVTS,0
GERVWDRGNVTLLCDCPNGP,1
VRQWNLTEFVLDTHP,0
MPYLIVTYDIAEERVNKVRKILKKYFMWVQNSVFEGEITEGKLLKCKLELEKVIDKEVDSVYFYSLENRLNYRKTVLGIEKEITGNIL,1
AAAAAAAIKMLMDLVNERIMALNKKAKK,0
MLGRRIFSPAPNRGFILCNLIQSNNSTRRGFS,0
DDHETDMELKPANAA,1
MLSIFETVAAAAPVTVAETQQASNNENRGQPGYYCLIA,0
MKPSWLQCRKVTSAGGLGGPLPGSSPARGA,0
MARASLIQPGLWALLLLQAVGPAVAA,0
CTSDLPSSWGYMNCNCTNSSSS,1
MSFITSAHATAA,0
MPLICARPLGRLVPKLGASLRPVLSSHAASPRRPVGVALEQHLGTESWKRFYA,0
ETVPVKLKPGMDGPKVKQWP,1
CCGCCYIAACARNNSNCSSHLECSTC,1
CGRCLQRACCKYCRLKCRLILFVIF,1
LYIRPRPPDNDDGDDNDDGGGENNGGDGDNYATDDMMMVMIMMMVVVRIMVVMVIIMLLMT,1
LPTTQLRRHIDLLVGSAT,1
RRKKPAVLLALLAP,1
SLTQINASVVNIQKEIDRLNEVAKNLNESLIDLQEL,1
GWWYKGRARAVSAVA,1
EQVLKAVTNVLSPVFPGGET,1
MRFSLSPVRPHSVVVPSLPKQDVVSYISGTTSNRQCRCVLTLPSPSV,0
TKEGRAMNRRVFATI,0
LQTALYALMEEIHIAALEKTWTALRHQYT,1
LEILAEHVHMSSG,0
KKKKLLLAFLFFV,1
GMLKWKNDFFHFLQVWLLISCQNYFVK,0
VEELMKLLEELLKKLEELFKKLEEWFKKWFELSKKFT,1
KQRNRWEWRPDFKSKKVKISLPC,1
GAPLGGAARALAHGVRVLED,0
MNSVQLPTAQSSLRSHIHRPSKPVVGFTHFSSRSRIAVAVLSRDETSMTPPPPKLPLPRLKVSPNSLQYPAGYLGAVPERTNEAENGSIAEA,0
METQLLRFPSHTITSSITTNSSRNTTPFLPHKKWSHFVKFQLVNSSSSIKHGIRPLQ,0
CKWEEAKVKFHCQRTQSQPGSW,1
DDVAARLRAAGFGAVGAGATAEETRRMLHRAFDTLA,1
KKKKVVAATYKLKA,1
MALTPIPSTFTSLFNFSDHSPYPSPSLHYLLPGSSPSFSLQLSALSRTPIYFEALKVLSRSKC,0
MGMAPVATYPSSSSSSTLARPPCAAAGRAAAAGRARVAAAGMSSRASSFVTGGAGGLAVAVAARTRA,0
VVGGKPAKLGAWPWMVALGF,0
RGTCYNRVGLIIRNFSKLKGKKV,0
APQLPDDLMIRVIAQ,0
ANRETKLGKAGYVTNRGRQK,1
GFGCPLDQMQCHNHCQSVRYRGGYCTNFLKMTCKCY,1
DLYVGSDLEIGQHRTKIEEL,1
GFGCPNEWRCNAHCKRNRFRGGYCDSWFRRRCHCYG,0
LQYLALAALITPKKI,1
MVKLRLKRCGRKQRAVYRIVAIDVRSRREGKDLQKVGFYDPIKNQTYLNVPAILYFLEKGAQPTETVQDILKKAEVFKELRLNQPKFN,0
FFWKTKPRKHGGRR,0
RVAAAAITWVPKPNVEVWPVDPPPPVNFNKTAEQEYGDKEVKLPHW,1
WDFLKELEGVGQRVRDSIISAGPAIDVLKKSQGPRRWSRP,0
SWSWFEGPTRDVL,0
MALRIWASSTAKALRLSSASRPHFSPLFRCFS,0
MMPLVPLLLVSIVFPGIQAT,0
DFNGERDMRDLVELLLKNEQESQLGHTME,0
NKVHNCCTKVSKQKITVPIIGARLQRKALPCVNAVIFETDNGETICSHWKESWVRKAFFQLEMARKSLDTQVPTANSPTTSP,0
MKSSTAAIAVLIVAALCYQVSSTPLAVGSNGRCCYKFLNRALPSSKVMMYEYTGSRCPYHGVIFTTFEGKKCCANPEEKWVQDILNVEKHTDGSK,0
KGLSGPWCRWWLV,1
GLTFLSPADMRKIAERQSQNKLRHGNMNRRGGEDELAEEEIGVTFPLDMSMKLTQEGVQKQRAAVQDFLKGPSSLSGQ,0
DGSWSTVSSGADTED,1
GKGTLDGQGKAVWGK,0
MDGPKVKQWPLTEEKIKALV,1
LIIFRILISHKK,0
MPPPALVLLLGFLCHVAIAG,0
FFGTLFKLGSKLIPGVMKLFSKKKER,0
TFLVHREWFMDLNLPWSSAGSTVWR,1
MKVAILILSILVLAVASETIEEYRDDFAVEELERATCAGQDKPCKETCDCCGERGECVCALSYEGKYRCICRQGNFLIAWHKLASCKK,0
PFRKQNPDIVIYQYM,1
GLDTVSFSTKGATYITYVNFLNELRVKTKPEGNSHGIPSLRKSSDDPGSSFVVAG,1
GPLTILHINDVHAAFEQFNT,0
RQVFQVAYIIIKA,0
NSASLISSWVDNTNFCCCSHDCATICDDCF,0
EALAKAAEALAKAAEALAKAAEALAKAAWASLWNWF,1
MMNWSPTAALVVAQLLRI,1
HVVLKSGFKRPSANN,0
IDAGIKGFDTDHCDTRCYGRDECMNYCIKAGFPKGGQCGSLCIPCGFKCCCQK,0
KKKFFFFFKKK,0
RKAILGHIVSPRCEY,1
EAIRDTNKAVQSVQSSIGNLIVAIKSVQDYVNKEI,1
QKLTILLLVAAVLISTHILGQGDGEKRMKTKMDFFKARKHWAYKQARDCKGWLEECEEENCCDPYECIGFC,0
MPGGPGVLQALPATIFLLFLLSAVYLGPGCQAL,0
MKKVSTLDLLFVAIMGVSPAAFAA,0
DELICHACPCHADL,1
RPHLSYLTFWSLLELQ,0
MDLNKEVMDEFSAYVKRPDQDAIVNPSDLVLDNKAALRDYLRQINEYFAIIGRPRFG,0
RFRIRCRWNVGSDTSLIDTC,1
SSCGDPCAQHASCTVTCTYCTGTLLQCI,0
SVALVPHVGMGLETRTETWMSSEGAWKHVQRIETWILRHPG,1
FLGPIIKTVRAVLCAIKKL,0
IAVVTNGKGKFQMACPHISAEGKQSKRQREGKSIVHYETVNGDLSSGTVFVVPAGHPFVTAASLEDNLELICFEVNADDNERIPLAGKNSLFKQFEREAKELAFEEKADVVDKLLEKQQQEFFFEGPRRRKEQEAGRSDA,0
ATAPTTRNLLTTPKF,1
MFSRFSWPRITRCFRSYPKKKSSCISFTHHAREH,0
VIMGNWENHWIYWVG,0
MGFRAVLLSFLLVSLSWSRGAVITGAREKHMQCGLFLFCSVSLLLRGLRMCAPRGLEGDECYPFSHKVPYPGKRQHHTCPCLPHLMCTRFEDSKYRCTDDFKNVDL,0
ALVLIAFAQVLQQCP,0
TPLSDIFRGQLRSRVSR,0
GTKWLTEVWPLC,1
NVTSIHSLLDEGKQSLTKLA,0
MSKLVKTLTVDEISKIQTNGGKPAWCWYTLAMCGAGYDSGTCDYMYSHCFGVKHSSGGGGSYHC,0
RGNVTLLCDCPNGPWVWVPA,1
KWIVWRWRFKR,0
MAEWLLSASWQRRAKAMTAAAGSAGRAAVPLLLCALLAPGGAY,0
EGPGLGNWAREIWATLFKKA,1
ESKWKVMGPIWL,0
MAKAIVSIFVVFFIFFLVISDVPEIEAQGNECLKEYGGDVGFGFCAPRIFPTICYTRCRENKGAKGGRCRWGQGSNVKCLCDFCDDTPQ,0
MLKLSCNVTDHIHNLFSNSRRIFVPVHRQTRPISCFQLKKEPLRAILSA,0
AAGRLWVLWRR,0
TNGESTADWAKN,1
GKDDYVNPKEQLGYDILEKLRQKP,0
TKCFQWQWNMRKVRGPPVSCIKRDS,1
ADVILMCFSIDSPDSLENI,1
MVYVLIAYDISNDSKRLKAAQKLLQMGFARVQKSVYIAKGGRSLAKEAYRALQRLADSGKDKIMVMVIPGDSVRDAYGLGGSLEDGKRVVVV,1
LDRPPGESPFR,0
GNTLIFLRSLLESFQKERMRGRV,0
CSCRANGSRIPTGERVWDRG,1
NYWILEYLWKVPFDFWRG,1
KKKKLLLPFYFLF,1
QNPDIVIYQYMDDLY,1
ADGAHSSLLGRMKGA,1
DTHTTGGVAGRDTLRFTGFFSFGPKQK,1
KKKKLLLPFYVFF,1
QAKGPPYTLCFECNRETCSNCFKDNRCPPYHRTCYTLYRPDGNGEMKWAVKGCAKTCPTAQPGESVQCCNTPKCNDY,0
RMKMMLSALRQRGCCEPFWCDSGCTEGCC,0
MAESRDRGLFSHHKKSDDEEESWLSRARRHPLIMPRKRRSTSILSCSVV,0
DLAIPVNRPGQLQSF,0
MQFLGRSISKSIRPSLNSTARKSWVLSSQQFLSTSSTESSSRTRGGGGGNRAEKSSEEWPRP,0
DLADQLIHLYYFDCF,1
MKIKILSAMVASSLLIGCVIPTVKAS,0
MFLRAIGRPLLA,0
PVLQPALSLSCGPEPLLLSC,1
MRVAIRRLPWQATDARHRTIGLVSTNRLPSRIQPRSISSTSIAAL,0
APGPAQGGAVSNKFASFGSVAVMLTAAVLVIMAFSKSLVFVLLAALLISSAVAQSPAPAPSNVGGRRISPAPSPKKMTAPAPAPEVSPSPSPAAALTPESSASPPSPPLADSPTADSPALSPSAISDSPTE,0
IIIVIIVILLSLIAVGL,1
AKKQRFRHRNRKG,1
MATVSSCLLRRSRTASRIFKTSLRCFST,0
SNASVWECCSTGSWVPFTCC,1
MVAAFSYTACTKLSLLHPSMVA,0
MCKVLIFACISVAMLMTTAYGATLPPKEQDILPTLISDLELLEKSKNKIHLELYTPSETQECIHQTLQCYQKEIITLRKEIEDEPEIENKVRTALQHIENNLDTLMEQTPIGGECKICEATTKKNFPDFHQKLTDFLRSMHK,0
MASVLRGVFKTHLPRTLTRPKCARTFQTTTFLRN,0
MKLTCALIVAMLLLTACQLTTADASRGRQEYPTKRLRAKMLNSKFIKLIKRCAAPGASCSKYDNECCDACLLQYPNPPVC,0
CRDYLQRRREQPSERRCEELERMSPQCRCRAIQQVLDQSQSYDSITDDLFMDSEAAPNQRRRRRESRGREEEEEAEERAAYLPETCNVRQPPRRCDVQRRSRYFTSGTDF,0
SKVNGQSGRMEFFWTALK,1
MSFRAPNLIRSTVGRRAGQTLNLRSQVIRRRFA,0
MGVHECPAWLWLLLSLLSLPLGLPVLGA,0
RICTGKSQHHHFPCISDKSCARNCVSEHGAHWTAGYCHLRRCTCQREC,0
TAAGDARANAVAKAGLHDLNIETDTERNH,1
GRRRRSVQWCAVSQPEATKCFQW,1
AVLHLAINEFQRL,0
KGLSGPSIRWWLV,1
RTQRRGRTGRGKPGIYR,1
PDDFATKYSQQKYTK,0
MERITSLVFFASFLIIFVSGVNQTRADSCDESLGLCETCDERCQAKHGPSCISKCDGEVGMLSCTCTYECGPPLPPKGNVCSGGTGMCSGKCPYKCCDTSCAQKYNGGRGFCNSFGNYNFCQCEYPC,0
INVKQIAARLLPPLYSLV,1
MLLRTASSFSLLKANADHILPLPNSSSSGIIRYSQSLGKNLVPCATKDTN,0
RTCENLADKYRGPCFSGCDTHCTTKENAVSGRCRGFRRRCWCTKRC,0
MAEPRRWYLITYDIRDPKRWRKVHALLKGYGEWLQLSVFRCSLTDRDREKLRWELSRRMDAVDTLLVIGLCGGCVERVRAINAKEDWPEEPAPFKVL,1
LVSVSPAFNGNYFVE,0
SLRVQQRSKAAGRLEPQEVMEEEENGVIKLTAPVEIGVGLSSRQLEKHRAVLEALLSEALPPPSLVFGGQRPVTAAWE,0
KRRKWHSVVLI,0
MASPSCASTLPWTAAAFSYPRRLQTRRAPSLVIVAQ,0
CPKRWGRWLRKIRRWRC,0
MKVLAIFALCIIGALA,0
NWVKEWIKYLKSLFSHAFEVVKT,0
MLRHTRNKCLSIIPRRYLFVPSNSFTDSKKKNVIRAKPRVKSTPKIMEDEAHQKKPQIDKSLIAKAKKDLRELRSLA,0
MTLFRSLNKRSSCGEPCIQDEHCSGTCNICTGNLSKCM,0
AFLLAATLTISSHMQEAGAVKFDIKNQCGYTVWAAGLPGGGKRLDQGQTWTVNLAAGTASARFWGRTGCTFDASGKGSCQTGDCGRQLSCTVSGAVPATLAEYTQSDQDY,0
QSAPGNEAIPP,0
HVIAAEAKTMDDHHLLCQSHEDCITKGTGNFCAPFPDQDIKYGWCFRAESEGFMLKDHLKMSITN,0
HWSHGQNQWPLSCPQYVYGS,1
EGPTLGNWARGIWATLFKKA,1
AICPRILVECKRDSDCPAQCICKRQGYCG,0
KPGQTCSVAGWGQTAPLGKS,0
QVSTNKKCSNTSQCYKTCEKVVGVAAGKCMNGKCICYP,0
IDLNITMLEDHEFVP,1
KAKAKAKAKAKAKAKAKAKAK,1
VGSASCTIAALGSSDRDTVV,1
MAQHHLWILLLCLQTWPEAAGK,0
DGTQQFYHYASSVKPARVIF,0
MEWKIVVPLLAVAFTVANAG,0
MARAAPLLAALTALLAAAAAGGD,0
DCIGKDARDAMDRIF,1
AAGHATLREHLRDIK,1
RRKKAAAAAAAAA,1
MIVIVAYDISDEDRRGRLRRYLRRLGLARVNRSVYAGPGTATTAELVAERAKEIVEEGDSVFVIVVREDEYQRAHVFDGRDYYIVSERKYEVY,1
MHRLRGCCARPRGAPLRAERSRAS,0
MFRRATSTFLSRASATRRFS,0
KGLSGPFFWWLFV,1
GGKMLYNKVTKQLSYCTDPL,1
MSSRLAVFAYDIRDDRVRRHALKTLREWRLDGQLSVHECQVDAIQARRLFEQLGDELDPATDAWLFTWVEGHRAVLARGKGRTTALQDGLLLAA,1
IWNHGNITLGEWYNQTKDLQQKFYEIITMDIEQNNV,1
VATRDGKLPTTQLRRHID,1
ATCDLLSFLNVKDAACAAHCLAKGYRGGYCDGRKVCNCRK,0
SISNALNKLEESNRNLDKVNVKLT,1
DCKHQNDSCAEEGEECCSDLRCMTSGAGAICVT,0
ASANASVERIKTTSS,1
YEVGDDGKVHFKVRFDAQGF,0
MKIKNILLTLCTSLLLTNVAAHAK,0
DKILVQAGEAETMTP,0
RRKKAAVALLPAVLLALEAP,1
GWWNSWGKCVAGTIGGAGTGGLGGAAAGSAVPVIGTGIGGAIGGVSGGLTGAATFC,0
GFLSIFRGVAKFASKGLGKDLARLGVNLVACKISKQC,1
FCLEGGCLVALGCTICTD,1
MWVSWAPGLWLLGLWATFGHGA,0
TVSTFIDLNITMLED,1
RVKRFWPLVPVAINTVAAGINLYKAIRRK,0
SLLPLIRKLIT,0
MSVIGSKSCIFSVARYTRENEKSSCFTSINKKSSLDLRFPRNLAGVSCKFSGENPGTNGVSL,0
MSLTQIRKQELMTEYQAHETDTGSADLQVAFLTERITQLTGHLKANPKDHASRRGLLKMIGRRKRLLSFINAREPERYQALIKRLGIRR,0
KVYLAWVPAHKGIGG,1
LLILIVLLGQFVSIK,0
VDGIPVEWDADARAPA,1
MRAIRLTVACRYLGPFRSVTLSPVVLPVRLF,0
TKALTEVIPLTEEAELELAE,1
MARKDVASMFAAALFIGAFAAVPTSVQSI,0
QPELAPEDPEDSALLEDPVGTVAPQ,1
AAPGWPEDGAGKMGAEEAKPPEGKGEWAHSRQEEEEMARAPQVLFRG,0
CLQFGSTCFLGDDDICCSGECFYSGGTFGICS,0
ACFPWGNTACGGK,1
RCNNVGIRIYVDVVL,0
GQHRTKIEELRQHLLRWGLT,1
KALGVILTLPQRIIA,0
CLCCDKVRTCRRLLGLVMVLSVVRC,1
KKKKLVLPFYFFF,1
KETPIRNEWGCRGETPIRNEWGCR,1
CDSDGTSCTSNMECCGYGCCSGTCQTPCRFGP,0
SVSVGTKPRPRP,1
MTMIFFSKLNRSISRSKGFLYGGGVRSAARLLTSPGLEAASVNEVEGGLGFIRRHFASLASRKGLVNNDLIGVFANPRLRRFFS,0
KKFACPECPKRFMRSDHLSKHIKTHQNKK,1
RKKLAVLLALLA,1
TDVILACFSIDSPDSLENI,1
GSGPTYCWNEANNPGGPNRCSNNKQCDGARTCSSSGFCQGTSRKPDPGPKGPTYCWDEAKNPGGPNRCSNSKQCDGARTCSSSGFCQGTAGHAAA,1
MASKLCRSRALASALRSA,0
ESVKITCARPYQNTRQRTPIGLGQSLYTTRSRSIIGQAHCNIS,1
VLLLVTLCVQAEDKCQQPKAPGRCMAYMERYFFNSEKGACEQFIYGGCEGNENNFETLEACQTAC,0
VVDRGWGNGAGLFGKGSID,1
WLVFFVIAYFAR,1
DFRRKVNKCYRGRSCP,0
SSVITSLGAIVSCYGKT,1
MRKKQKLPFDKLAIALMSTSILLNAQSDIKAN,0
KKKKVLLPFLLFF,1
FAVNPGLLEAAAGCRQIL,1
KRRLFLFRLFRLFLRLFLKK,0
PALNCYWPLNDYGFYTTSGI,1
APSDSPEWLSFDVTGVVRQWLTHREEIEGFRLSAHCSCDSKDNTLQVDINGFSSGRRGDLATIHGMNRPFLLLMATPLERAQHLHSSRHRRALDTNYCFSSTEKNCCVRQLYIDFRKDLGWKWIHEPKGYHANFCLGPCPYIWSL,0
VKFPGGGQIVGGVYLLPR,1
LGSSDRDTVVELSEWGVPCV,1
MDLMCKKMKHLWFFLLLVAAPRWVLSQ,0
MTGSLWLSLALSLAVLAQFKVSAA,0
DIRAPQAPHVPFRFGEE,0
APERASSVYTRSTGEQEI,1
RLAAKCAARFAEHGLKRG,1
MVIVASSNMLRPDRIWLCGKYQTARTLYVVGNKSKRRNP,0
MAALLVRGCALRPSWATRSAPICARGEGMKGNFAESVCLGCTSLRLLNYRNACFRSCTAARPVYVASRKGDNEFLWTDISERRYYKYLSSPASWTALKMGPWDLSVRNLHLSRPLFDD,0
RELAGVNEIFEIAARSSNNAGTARALQQAPPCKRDVDCSFECPKGGFCNDRLGTCDCF,0
MKLVYLVLGTAALLLGGSDSVLSSSSGNLHTFVGCAVREFTFVAKKPGCRGLRITTDACWGRCETWEKPILEPPYIEAYHRVCTYNETRQVTVKLPNCAPGVDPFYTYPMAVRCDCGACSTATTECETI,0
DDCAGWMESCSSKPCCAGRKCFSEWYCKLVVDQN,0
KKKKLVLPFLFFV,1
RVCMAIPLPICH,0
RKRIHIGPGRAFYTT,0
EVIDKINAKGVCRST,1
MAFFSSRVRALFILVLVLPLCSETGFA,0
MAAAVAARALPVTFGRLAFACSRSVLRASGPGAASQWSASRRFSSQSASSP,0
MISLTPSLFLNKTVVPGCSTRLSLRQPRTIITPPASLRVFSSLGSNQDPTGSVLIETTATSSSSLETSAADIVPK,0
WMEWDREIEEAAKKLEEAAKKLEEAAKKLWASLWNWF,1
CRRTNWQGAGC,0
FSEFMRQYLVLSMQSSQ,0
MQVIITSSHRFFCHHLHQLKSPTSL,0
EWVRLGRELLRRLKEPFT,1
KKKKVVAATYKKVA,1
MRSSYRVGNPIRFQPTNVVGLLLLSLVLSFMLVQSY,0
TRHRHVPRFLPLRHV,1
MPEEVQTDTIESHLSDKGVLTICATKTMIGSLQHEVPLFEHLQRNRK,0
IQAQPDKSESELVSQ,1
RLNNRARIILRA,1
DTRACDVIPLL,1
KFKHYFFWKYK,0
SAQFASVTIRNAQTGRLLDSNYNGNVYTLPANGGNYQRWTGPGDGTVRNAQTGRCLDSNYDGAVYTLPCNGGSYQKWLFYSNGYIQNVETGRVLDSNYNGNVYTLPANGGNYQKWYTG,1
WYQLEKEPIVGAETFYVDGA,1
DAILHTPGCVPCVREGNA,1
QAPSTCFEALKDASKGASCDSELCASLCKKKSGGGVGTCRTKTTQPSKGQPECHCRFWCKSDGTPYK,0
LGRTLAAIKLTQHYFGLLTAFGSNFGTIG,1
PPWCCCSPMKRASPPPAQSDLPATPKCPP,1
MLSRVSARSYSSAAQSI,0
GDKGTEWIFVVAGVIVILVAVLLLRKRKK,0
VVTTRLFMSLVASVRNAFQSGYISFDEIIKTE,1
QPKDKDEGVMGRSRLGKRGLLMRS,0
DLEAVPFVNRTTPFTIRGPL,1
MGTRYFLVGFLILLVLGFEVQGA,0
IRRVIQGRLGGFLGIWRGEVFKQLQRAQSLPSKCNMGADCKFPSGYYWKDYVMERCFTMKDFPVTWPTKWWKGGCEHEVREKCCKQLSQIAPQCRCDSMKTLFLLALLALVASTTFAQYSEVGGWYNEVGGGGGSQQCPQERPKLSSC,0
KKKKLVAPTYVLV,1
MRLGPRPAVLGLLLLLLLYAAVAGAS,0
PYKFKATMYYKDVTV,1
LPKPPKPVSKMRMATPLLMQALPM,0
MRLLPLLRTVLWAAFLGSPLRGGSSL,0
LNLADATNFLQDSKAELEKARKILSEVGRWY,1
QMMLTLLWAFWY,1
RRRREELKQSWQRMRKLALKR,0
PPLAVMRPGIQILPPPGTDVHPK,1
